text,labels,id,label
Have a good one!,[15],edh2gbc,15
came in here ready to congratulate myself for the hot take of voting for [NAME] over [NAME] before realising that I didn't see [NAME],[0],eec07e7,0
"Ehhh I don’t know, I still find it kind of cringey with the “[NAME]” talk and all that stuff.",[12],eczqmch,12
"I've heard vegetarians talking about various sources of cholesterol, maybe try r/vegetarian and ask what meats they prefer?",[4],eee0ylu,4
Please come and visit again soon! Have a safe flight!,[5],eeovi8o,5
Omg I love it,[18],eesbywx,18
"oops, my bad.",[25],edte95h,25
Makes me want to go shit on the doorstep of 540 Hampshire Street (Good2go HQ),[11],edhcrx9,11
The part where he carries her to the car had me howling! Poor guy was stumbling with the weight he obviously couldn’t handle,[25],eeke6kg,25
No way a tattooed ex-con with a drug/drinking problem might turn abusive!,[10],efdatsy,10
One year non guaranteed That's what they meant by death star.,[27],edx2r8z,27
Paid model. She's a paid model and it's probably in her contract to drop her professional Instagram handle.,[27],edk17wf,27
They keep thinking #ThotAudit is going to take off. 😂,[27],ed46pur,27
He already has 2 fouls,[4],ediz7vh,4
You're 105 years out of date. Please update your beliefs to the current version of the Constitution.,[3],eds3oe6,3
This is a school announcement: Remember not to commit thought crimes in the classroom. Repeated thought crimes will result in a lowering of your grades.,[27],eebcy4f,27
*she. And I was was referring to the 2 goals in the final 6 seconds last year. Also vs Anaheim lol,[27],ed9pgvg,27
"When you make excuses about what you're buying, you're the one calling attention to it.",[27],ed3oax4,27
"He, like [NAME] and [NAME], are better in the latter halves of seasons. Let's see if he can do some damage.",[20],edgdqvo,20
Gotta cheat on taxes somehow LOL,[1],efg25dx,1
"One of the podcasts I listen to, pump talks, bought one from [NAME] for a girls birthday and apparently it was very sweet! ",[0],edcnevu,0
Crowder is terrible... How do you lose that gunfight or not have the common sense to just run away,[ 2 14],eek8sfr,2
Now this is what we want to see for the rest of the season,[27],eevn1z9,27
"Hmm, I understand your frustration then",[2],ef9hb6y,2
"Friend of the younger sister of girl who was killed. She told me it was a bad acid trip. Very sad, family is holding a vigil tomorrow night. ",[25],eezq59k,25
Was it a promo for the cross overs?,[ 7 27],edt8ev8,7
They showed a pretty cool [NAME] cosplay from a guy,[27],eeasr4v,27
In that case you're very welcome to call your representative and tell them to agree to a bill which would reopen the government. Or tweet the president.,[ 4 15],edgv4zl,4
Great if your traveling abroad is limited or predominantly confined to the continent. Otherwise not so much.,[ 0 20 22],edpd0so,0
And I clapped. So hard.,[0],eeidhj0,0
"True love, that's the way to go right there. Sex, drugs and Rock 'n' Roll",[27],eff8j3o,27
My target has lots of stuff. *This target had fortnite.*,[27],eef8git,27
"You're an odd fellow, [NAME], but you steam a good ham.",[4],edasbgx,4
This has absolutely nothing to do with ABCDs.,[27],eevni5k,27
"Yep, unprepared for first period, forgot my pants while wandering around the school, etc. Been teaching 5 years and I still get these dreams",[ 3 27],edbhf8s,3
Are you hungry?,[7],effak8i,7
Work along with More like fill out an application form!,[27],eexwbsr,27
"Hey, tell her from me that her blind fear is going to kill her children or someone else's.",[27],eewua60,27
"Wow, foot and car traffic downtown has changed a ton in just 8 years. ",[26],eer4vq0,26
"That's slick, would love to see you guys do it.",[ 0  8 18],ed92m3a,0
" Whoa, my little brother had that toy! Awesome.",[0],ee1xabz,0
I always wondered why that never happened with the “muscles from Brussels” in any of his movies.,[26],ef8kjjd,26
I hope you survive this. Losing a friend is a heavy loss,[25],ef90bop,25
Aw bummer. She lost her screenshot of the copy of a copy of bullshit articles handwritten in 1992. Somebody help a girl out.,[ 5 25],efgk1x9,5
"I might be a prude. ""Suck him off in the bathroom of your friend's home!"" Those don't equate",[ 2 27],edzwa17,2
I feel like I'd actually really like the song all together,[18],ee5mxrw,18
I was always the first presenter or two. Felt better just to get it out of the way and relax instead of stressing for a few days longer.,[27],edw79v8,27
Did you see the Beauty News video about it? One of their Estee Lauder products turned out to have been expired before they even bought it 🤢,[7],ed86jko,7
"I mean your brain isn't fully developed, especially the decision making skills until between 20-25. I forget the exact age. ",[27],ef9j9pz,27
"As a person with autism and ADHD, at least I'm alive.",[27],eepbjb1,27
That's why the other half of people call me an asshole,[3],eeg189w,3
Oh boy is this gonna be the new thing? Cause I like it.,[ 0  7 13],ed3s82z,0
What a nice sub,[0],eezkv3q,0
Needs more travel photos,[27],ef6lu4m,27
Your cat is the best thing I've read all day. Take care of your cat!,[0 5],edyx925,0
I know it's easy for me to say because it wasn't me but money is money. We can always make more. Really sorry dude.,[24],efbtfgf,24
I see One Punch Man is on quite the rampage,[27],ednvmzm,27
"Sorry this is the first time I saw it, I’ll delete it.",[24],eentq4u,24
[NAME] is there anything more depressing than being in a leafs gdt when the leafs are losing.,[9],eeekf0w,9
"I’m so glad they remastered that game, I’m having a blast playing it again",[21],edvd12t,21
"Well, my upcoming adverts are going to be interesting!",[17],eef7rrj,17
"Its actually ""[NAME]"" , not ""[NAME]"".. Sounds like a drunk to me. Glad to hear nothing horrible happened ",[17],edlmkub,17
I always have the subtitles on. So I don’t miss a single 💎!,[4],ef0sw4e,4
"Thanks man, appreciate it :D",[15],ed6fe30,15
I agree. You’ll need to ask the school when you interview.,[4 8],edcltjm,4
did he give up out of embarrassment having knocked back chicago for us and then not getting to join us.,[7],efebv36,7
"I kinda want it to stay a great mystery of the world, otherwise it would ruin the true magic of it",[7],eddccdj,7
Damn. You sure showed me.,[27],eelsd77,27
It's like...I knew where this was going and I still laughed.,[1],eczyh8p,1
Thats who I thought it was too😂,[22],edv5fb4,22
"Elite Disrupter and Elite Stryfe. Also, thanks.",[15],eeubq4e,15
He’s been in power for years and gays being murdered in Chechnya isn’t new.,[27],eejpwai,27
"Gonna use this on my kids tomorrow, thanks kindly",[15],edg7n27,15
"""No thanks""",[27],efet75s,27
It’s perfect!,[0],edgi36m,0
Think you mean this Labour MP,[ 3 27],eekd227,3
"Interesting, I’ll have to try it someday ",[4],ef5vt84,4
Sometimes the mouse attacks the snake ! I think you should start dating if he is going to be a asshat.,[27],eesvt9y,27
Watch the movie. Its worth it,[0 4],edds5zo,0
"If you want to live the dream, good luck! I won’t change my mind until I get my stolen ETH back from them ",[ 4 10],efa0gn8,4
Until he goes back to school on Tuesday and all his friends are SO RELIEVED that he’s back safely.,[23 27],eelyhvs,23
I love the way they make my skin feels after I use them. I also use the primer for my makeup.,[18],eermg8i,18
I may have undersold the amount of trucks. 😂,[ 1 20],ed0w898,1
No no no. They only have no worth if they don’t support [RELIGION].,[10],ee87p6d,10
They r like 5 dollars each,[27],edd76r9,27
[NAME] looks like [NAME] gorgeous,[0],ef86cyu,0
Relocation trumps meddling in my book.,[27],edf6f10,27
I love listening to their votes and stuff. It's always so rowdy I love it,[18],ee5n06i,18
You serious?,[6],eer6nyf,6
Haha. Yeah there is a vaccination now. When I was a kid my parents did the same thing. It hadn’t been developed yet.,[1],ee09sr9,1
I desperately want to believe you but then,[6],eelu9eg,6
"Seattle has both, and is building a huge extension to the existing light rail system. Traffic is still absolutely fucked.",[2],eeq3noz,2
There are going to be designated periods where you can make team changes. We just don’t know when those are yet,[27],ee8a8eg,27
...And what's impressive is she managed to sell two internets before she was so rudely interrupted...maybe your Land Lady should consider telemarketing. :P,[ 0 27],edre97i,0
You’ve never shit yourself as an adult?? If an adult can then a kid definitely can,[27],ef11hc4,27
Apologies. My point still stands. A .8% lead is an insignificant majority at best. Saying one demograohic is most of the population is a bit misleading,[24],edbpaxt,24
I can be hard on KAT at times but boy am I glad he signed here for 5 more years,[ 0 17],efh2jr6,0
Can't stand people who spam their terrible youtube channels,[ 3 10],edsvkcy,3
oh pigs arse ya cunt! if you don't say togs you're [NAME],[27],eefigj6,27
"Oh, it’s actually its own thing. I heard goo and just assumed the worst.",[ 9 12 22],edl1hkj,9
Really? I was in New York last week and had to stand in the freezing cold to pump gas twice.,[7],eelvbdz,7
Thx! Happy New Year!,[15],ed1lzlh,15
It's both we only have like 5 good players and two of them are just a rookie and a sophomore,[0],edv7lmf,0
"Youre not wrong, but that applies to every ad. People are generally getting upset with the message more than anything though",[9],ee7n9no,9
"Great concept but, there is going to be a Danganrompa 4",[0],eebprli,0
I know right? Getting that wrong would’ve de-railed the joke.,[20],eda9ahb,20
You ok?,[27],eexs3q1,27
Anyone else want a TE early? Tired of fucking around with the position even if [NAME] did look pretty mean for a few weeks,[3],ee1zozn,3
Mi Patio Mexican restaurant on 7th ave and Osborne. Their chimi is amazing.,[0],edkdth5,0
>just convince 5 other gold players who aren't communicating to run a communication and coordination heavy comp 4HEad,[27],ed318kv,27
Funny. The only people who have ever attacked me were conservative [NAME].,[1 3],eewhzuc,1
That looks amazing,[0],ee8hse1,0
I really hope [NAME] or [NAME] or somebody from the show sees this 😂,[27],ef14qj7,27
"Thank you, this isn't the first time they have tried to control us with money. They always put odd stipulations on money or gifts.",[15],een9g32,15
The truest.,[27],efbuir4,27
She's hot.,[0],edxbhn1,0
It’s actually not. But i agree.,[4],eduuze3,4
I did not know that. Thanks!,[15],eelktew,15
I just actually listed it for trade haha. I can’t use paypal unfortunately as I’m under 18,[1],ef7dfy5,1
That is profoundly messed up.,[10 25],eds22j4,10
Pulled from IG. IDK where it originated so no credit given. It's just making the rounds.,[27],edxtho8,27
i meant what i said.,[27],eeh1l0y,27
I HAVE EYE PROBLEMS NOW IM REALLY YELLING,[25],eeuaeph,25
Angry little boiii,[27],edewya0,27
Thank you for highlighting this. No wall. DACA is (almost certainly) fine for another year.,[15],eeeu1d1,15
[NAME] line of drool made me very happy I waited to watch this til I was eating dinner i love the power hour so much,[17 18],edivkvk,17
[NAME] and [NAME] were better than everyone on that list except for [NAME]. Also [NAME] is a racist.,[27],efdrhd3,27
YES!!!!,[4],edrdn2n,4
Yeah my guess at this point is either a 2 year bridge or 8x8.,[6],edts43u,6
"I used to think that too, before I got over Trump Derangement Syndrome and took the red pill.",[22],ed1wr3x,22
"I moved here a year ago, this is the second time I've seen a flipped car in this sub",[27],edfh4i7,27
I think it’ll be a flashback,[27],ef6tjqt,27
"In the short term, yes. ",[4],edtzjr5,4
I've been thinking about you today. I hope you are still here.,[27],ed9lxkt,27
"Lmao the cop stops like *""Fuck, well I guess he won't be resisting on the way""*",[1],eejlj7i,1
"Yankees, Nets, and Giants, all the best!",[15],eelcj0z,15
Wear Pod. You cretin.,[27],eez245v,27
You seem fun,[ 1 17],edoqdvp,1
Underrated joke... haha,[1],eekbhzn,1
he'll be hurt next year too,[20 25],efh0epo,20
"Congratulations on your appointment to such a prominent position! I was a huge fan of Utah when I went, the canyons are sick. GO KNIGHTS GO ",[15],ed8o616,15
Is it her turn this time?,[27],eetfa4o,27
I heard [NAME] has a new puppy named One-Bridge-Havin,[27],edoh1jy,27
I second that motion...with A VENGEANCE!!,[2],edshpse,2
wtf i hate [NAME] now,[2],eda5yrr,2
It’s incalculable,[27],ee0sc6k,27
I always do this. They get closer or just move to another lane lol,[1],ed78bbn,1
I love trying new foods for the most part,[18],ed4gn8u,18
Played Divinity as well. Is Atlantica what I was describing? If so I'll give it a shot indeed. Is it still alive?,[7],eeftrma,7
Care to elaborate?,[ 7 27],eeda892,7
That's pretty much what you signed up for when you had kids.,[17],edoa370,17
"I heard it to the beat ""I want you to want me"" I like your squanch!",[ 0 22],ef6391l,0
.....I should have thought of this!,[22],ed2hemk,22
"He's a selfish bastard druggie, so we no longer care about him. Thank you for your condolences <3",[ 2 15],eeyg825,2
"Maybe she can bartend on the side when Back in NYC. Oh, I forgot her progressive policies put said. Bar out of business. ",[22],ee49nx8,22
Keep in mind with these verses you've selected you aren't mentioning how we must he crucified in the flesh with [NAME].,[27],eeavnwk,27
OP and wife probably have other areas that are private. Sometimes it could be our dreams that even we don't dare speak aloud to ourselves.,[22],eed1128,22
This is the most Boomer thing i've ever seen,[26],ee5kgax,26
Stay strong and keep going. Chiche but true : living well is the best revenge .,[5],ed5pz0v,5
I can't believe he told that story. I'm sure the minister that released the water is now so totally regretting not asking for a bj!,[26],efapeti,26
"I kind of hate it when I agree with you, but definitely do this time. ",[3 4],edn8fux,3
Can't help that the president hangs out with the bottom of the barrel.,[9],eesspc2,9
"You can't control if you're nervous or not, but just know that you will absolutely be judged for it. Consciously or subconsciously.",[5],edochjw,5
I just have never found that area very attractive. Also from what I understand there is a lot of contaminated burial sites around there.,[10],eeb73xm,10
He needed to back off a little. He’s forcing it too much. Give her a second. You’re practically a stranger.,[27],edv1gov,27
hahaha. I was/am honestly surprised that is the only time I've heard of a parent calling a rapid.,[26],efe8aby,26
Yes... you little crybabies call them fascist too? People who kill fascists are fascists right?,[27],ed2rlhm,27
"You are not alone. We do not sit in this darkness alone, even though other lack of light may make it seem so. ",[10],eewahxa,10
Article says she was present when this happened sometimes and that she was physically and psychologically abusive as well,[ 4 27],eeczhtp,4
Aw Thank You.,[15],eeb72wh,15
Thank you. I’m sorry that happened to you.,[15 24],eeljrab,15
"Oh, doi. Makes total sense now. Boy I really hope I get fired for this blunder.",[8],eelj51u,8
This subreddit must be filled with mercy mains lmao,[27],ef5mjqt,27
Just why? No one is going to want to eat their food out of it and placing something on it is pointless,[27],ef96j7l,27
Not a good couple hours. A full 33 days.,[10],eetxftd,10
I don’t owe you an explanation. I’m at work.,[ 3 27],ef7kwn0,3
Hey I hope you know you’re still important and loved even if you may not feel like it at times. You’ll be okay!,[18],edaaebo,18
"Everyone is allowed to have their own opinions, let's try to not resort to name calling no matter how much we disagree",[4],ees3zmb,4
"Thanks, you are right, I appreciate you reaching out",[15],eeqrd8s,15
Welcome to the party pal!,[15],edky7i0,15
I mean it changes that game at least because if the defender actually wraps him up it’s a sack because [NAME] never threw the ball.,[22 27],ee1nzye,22
We've lived together for 4 years. We do everything together.,[4],edqhf75,4
I also have a boner!,[4],eej49bn,4
I’d be cautious about making such an assumption is mine,[27],eeb1gq5,27
That would be terrible. I liked the way private Practice ended (more or less) so hopefully [NAME] doesn’t go for something cliche.,[18 20],efcu5nf,18
Man that movie is such a classic,[0],edwtiqi,0
I was skeptical about it being huge but damn..,[11],eeit17q,11
Holy shit I grew up in Sugar Land! Moved to Philly. Didn’t expect to see it on reddit today. This made my day.,[0],efaepkd,0
America.... I have done goofed!,[24],edvh5n2,24
I wonder what number he'll wear since he can't wear 20.,[27],ee90yrm,27
Thank yoooouuuuu ❤️,[15],edickdj,15
"There is such a thing as too big, but this ain’t it, chief. Any bigger I would probably agree.",[10],ee761sl,10
Funny coincidence that Kingdom Hearts 3 released alongside another RE game yet again. Someone should contact [NAME] to make a sequel,[27],efcbm3e,27
Thank goodness it's a rare add on in that case xD Thanks for the info! :),[15],eey7n78,15
go to bed,[27],ee0ymeq,27
Man [NAME] and [NAME] are wylin,[27],edm3rks,27
"Yeah you can either respond to something that I said or not, but don’t just pull up and start parroting [NAME] slogans",[27],ed4d3qf,27
I love our cheese curds both fresh and deep fried. So good. And now I'm hungry.,[18],eerrt14,18
I dont think self-sources work for TIL.,[10],eedkt8w,10
I am getting so nervous watching this,[19],ee1whj3,19
"I think I can agree with you here, I kinda forgot about the military.",[4],eds2u7o,4
Hoping to make it to Seattle soon. I’ll make sure to reach out.,[20],eev6djj,20
Either you're stupid or complicit. I don't care either way.,[27],edhom88,27
"Weird thing, but my cat will go HAM on my earhole if I let her.",[3],efbn72a,3
he is a very dangerous man,[14],edh0e8f,14
So this offer is only open to isis? do you need to show some form of id to get the money.,[27],eek1crn,27
"My mistake, after almost 15 seasons it's a little hard to remember. Thanks for letting me know!",[15 22],eefgbtg,15
This was a hate crime. Cut and dried.,[2 4],ef6b7yp,2
Glad to see it resolved by someone as the community manager said not too long ago. I wouldn't give in and pay.,[20 23],efdqn2l,20
Really well said.,[ 0 15],ed929gb,0
and now her mask is on. make up yer mind,[27],eent0tj,27
"doubt it, there wasn't a single mention of it",[27],ed8etch,27
Not at yours obviously. Did you know last tekken champion was a bear player? The lowest tier of them all,[7],edh4gcq,7
I'm so triggered!!!!!!! Please stop you are hurting us with your comments!?!?!?!?!?,[9],effq7j4,9
What a great word,[0],edugt9g,0
I really want to see us use the second first rounder or the second rounder on a receiver. If [NAME] goes down we would be absolutely screwed.,[27],editxpa,27
You killed them!,[27],eenkfds,27
Cool it [NAME],[27],ed2ypwd,27
I feel for him..thank [NAME] he has a mother who cares,[ 5 15],eekis5u,5
Ballroom Blitz. Thank me later.,[15],ee3cy98,15
"It's literally essential that everyone stop what they are doing and watch this, the best video, as many times as possible and then some more times.",[0 4],ed5di94,0
Love when the run away joke always ends up with someone who isn’t funny ruining it,[ 1 18],ed1zdcb,1
[NAME] is a madman and I love it.,[18],ed9s47p,18
It kind of was for some people.,[27],eepdhqu,27
[NAME]. What a time to be alive.,[27],ed8huva,27
Got any examples?,[7],ef2siex,7
My DW made this realization. She is a smart one...and a keeper.,[ 0 22],eejj1cq,0
"""You're a good man [NAME]."" Yo [NAME], are you watching the same show I am?",[27],eeoa20u,27
I'm glad your expectations are low..i am expecting full on knee jerk reactions if the game doesn't go well tonight.,[23],edl8nhc,23
Well hello Mr. [NAME].,[27],ed70p8f,27
I'm with you - I feel no connection....,[3],ef65oej,3
Only an idiot would visit places like China or NK. Arbitrary abductions and detentions against foreigners have happened for a long time now.,[3],edt4yhh,3
We got some good sex scenes or is it blue balling BS?,[6],ee7dd9t,6
"I'll keep my eyes out, brah!",[27],eewbxyx,27
I'm American and only speak English and didn't get that pun either...,[27],ee9cxi4,27
So time to trade [NAME] for a 6th round pick then eh.,[27],ecztu5v,27
Someone posted about this happening with their pet chicken but I forgot which subreddit,[27],efc56uj,27
The puppy is actually suggesting that the use of laptop to be repulsive. ^^^^PCMR4Lyfe,[ 5 27],eem22bi,5
"I can't delete my account, so I'm just gonna edit the post itself. Thank you for your help!",[15],edmkm58,15
"If many people truly see that as a consequence, I'd suggest SD's public [NAME] needs some work. Sad.",[20 25],eeb2idn,20
"Just in case you weren’t sure he’s an [NAME], he decided to obstruct 20% of his windshield to remind you. ",[27],eegmvfa,27
Woodfield Mall is pretty good still.,[0],eeo1at0,0
I can't even be mad that you scored a goal with your face.,[3],edygatq,3
That would have been a funny had we never made playoffs,[1],eemwhnd,1
Thank you for saying this! (Extended breastfeeding mom of a 2.5 yr old here.),[15],edkyz0y,15
I think [NAME] has like a clothes/purse/perfume line. Don't quote me though.,[4],efeb3dc,4
I once was the 2001st like on a youtube comment. It felt really good to be able to constantly flip that like count between 2K and 2.1K.,[0],ef4ryq0,0
The final boss must be a girl who doesn't want to be his queen,[27],ee0a9ir,27
Happy cake day!,[17],ee6sszn,17
I find Asian men hot and have dated a few - I'm a white woman,[4],ef9spvc,4
I feel like I know her. Is this Tampa by any chance?,[18],eelracf,18
Well good luck with that. [NAME] does nothing but be a minor headache with occasionally killing some border guards.,[20],eeop7db,20
It’s kinda sad that this made me lol.,[ 1 25],eea3n43,1
he is lying to you,[27],edwchdy,27
"I think, on my next play through I’m going to save right before so I can keep going back and reliving this night! Lol",[27],eerzdwu,27
"Oh, for the love of... The knock goes between the index and middle fingers, [NAME]!",[27],edg4d9x,27
Dude nice catch lol,[1],eet3icg,1
*losing hope Loose is what your mom is,[25],edd4bg5,25
"No, he controlled the match. He had to be dialed in the whole time and he was.",[ 0 27],eellbrp,0
Like what?,[27],ed6e2k7,27
Perfect example of the disgusting misuse of ‘Orwellian’ on this website,[11],edv2dgs,11
Thank you. That was driving me crazy. I thought her response would actually be her correcting him.,[15],eehlih2,15
Right on. Hi from saskatoon canada. Take care buddy,[5],eeeakz9,5
Would parking still be free on the weekends?,[27],ee7901k,27
Should be nice to we can see full video clip how we died....,[27],eecqb0q,27
"LeT mE kNoW wHeN a CoAsTaL tAiPaN sHoWs Up Poor country bumpkins, gotta gatekeep *something*.",[27],edyg48c,27
"No problem, I hope that you are able to accomplish what you wish :)",[ 5  8 20],edhhbwt,5
"its ok, glad i watched the show, i enjoyed it.",[17],ed4y9y8,17
He does kinda suck IMO Doesn’t mean Venezuela should be coup’d by the US,[27],eeyofpf,27
no no no you don’t understand! personal responsibility means nothing! it’s all [NAME] fault! /s,[10],edc97k2,10
Yeah mine asked me to marry her over email and then ghosted me for three weeks...,[27],edl8qgh,27
So I play competitive with a group of people and being the one widow is most likely fake or just wild speculation.,[27],eekeqsg,27
Can’t wait to see my IG page blow up with it smh,[7],edjfqic,7
I am so pissed about Oiler hockey right now. Even [NAME] is annoying me and I love [NAME]. Gaaaahhhhhhh,[ 3 18],ed4jisg,3
Thats not mold,[10],ee2vbso,10
...what? You're far more concerned with the o line than signing [NAME].,[26],ee062jh,26
"Testing it out in creative it feels like the hunting rifle got a huge buff this patch, cant wait to bring out one of my favorite weapons ",[13],ee4et6e,13
[NAME] because hes best survivor,[ 0 27],eebes3n,0
Super cool to see,[0],ed7uin2,0
"Are any other carriers better? I ask out of ignorance, but I was under the impression they all sucked",[6],edtj5cu,6
[NAME] didn't even know cass's e heals her until [NAME] told him :(,[27],ee3ybb6,27
Is there a legendary dark star skin? Does the kayn one count?,[6 7],eervzxk,6
It's a prime-time soap. I feel so guilty.,[ 9 25],eet82j6,9
I've heard some people get kinda homophobic with the grappling. Sucks when the crowd boo's,[27],eeocbip,27
I’ve seen it too. I think it was an honest mixing of the words.,[4],ef0nmeu,4
Lol what did you type in? Cause I posted this and its entirely mine.,[1],eegkwp2,1
she'd probably do this,[ 4 27],edxr54h,4
"The baby photos, holy fucking shit there's so many baby photos now.",[26],efaxyns,26
Your LPT is to save money by not buying cords but instead stealing them from work?,[6],ed2l9is,6
Hahha i agree but i still want him to say sorry.,[4],edxfdvz,4
Fuck taking the high road. If I’m [NAME] I’m blasting the officials when I speak to the media.,[2],eektyg0,2
Play stupid games and win stupid prizes dude.,[27],ee1duk9,27
the tears of unfathomable sadness ... mmm yummy!,[25],eebxzsr,25
2019 should just be a picture of a trash can or dumpster on fire. Amazing how shitty DICE can make things in 10 years.,[ 3  9 26],eer5434,3
"""That's all folks"" Insert looney tunes outro",[27],efatw71,27
"""And, over here Sir we have the automatic folding model. It is quite remarkable.""",[0],eczrr0o,0
"Glad you liked the lesson, don't forget to SMASH that like button and click on the bell box below to join the NOTIFICATION SQUAD",[0],ed4dxnx,0
It’s the comment about smelling her that makes it pure cringe.,[14],ee6ubza,14
Who brings a gun to a middle school in the first place? This kid was not right.,[10 27],efappw6,10
Except [NAME] isn't under our control or capable of having an impact on our team. We traded him. lol,[1],ednn74j,1
"Update: All is well with the old man. Thanks for letting me vent in a ""creative way.""",[15],eebzc9y,15
"That makes sense, I’m over explaining and I shouldn’t have to. Thank you! ",[ 4 15],ed4g81o,4
I'd be able to give you more helpful advice if you could be a little more clear with your situation and what you're asking.,[5],edoe8hq,5
"They're all the same, all the ratemes are a trap. It's just sad people keep falling for them because its so obvious it genuinely hurts.",[22 25],ed6hp30,22
"Correct, so who's the devil? Did you know that in the original Hebrew text [NAME] means adversary?",[7],ef549y7,7
"Each Dark Souls game has been voted ""Most Likely to Result in Controller Damage"".",[2],eev1ygb,2
I’m not an Aub man. Check the flair.,[10],eel4721,10
2.5%? That not so great for [NAME].,[9],edlrvgb,9
Sometimes you just have to laugh.,[27],efev529,27
sorry im deaf i can’t hear you,[24],edy1mfi,24
"""I like it when you x"", ""can you try doing y?"" - focus on positive and giving advice",[18],edz2lxv,18
Oh we're doing this again huh,[3],ed4i059,3
Oh shit. Is back?! Time to import,[26],ee81vym,26
Aah I hope he's okay. So glad it's back! Time to get creeped out tonight.,[20],eepsicu,20
I think him and [NAME] are gonna start getting similar amount of starts. [NAME] is just finally able to play again after getting hurt earlier.,[27],ed24mp0,27
"yea I agree, and [NAME] is way younger so has trade value. [NAME] is still an offensive powerhouse but his DWAR is slumping.",[4],ed99rjp,4
Hardly heard anyone I know talk about it but Damnation was amazing.,[0],edgjl9l,0
*Googles what is the third leading cause of death* Google *updated*: Measles causes by stupid people not vaccinating their children,[3],eeytpei,3
I didn't know that communism was a subject,[ 6 22],eepqmht,6
“The weird thing is she’s got a tattoo of our company on her back...” lmfao,[10],eey6hus,10
His Wonderlic score is 25 points higher than [NAME] but 17 lower than [NAME]. I guess he is so/so.,[27],ed1p76l,27
I second this sentiment! This has bothered me since the beginning and I don’t know if she really grasps how incredibly offensive this is!,[4],edd9ksk,4
Glad to see Mrs. [NAME] is still alive and well!,[17],edxu2gc,17
I don't mind helping people but often the problems seem so petty and small and the solution is so simple.,[5],efdhgw6,5
Try painting a penis around the pothole. Seems to have worked in Manchester,[11 20],eerpbz5,11
"The purple ones with a kraken skeleton or whatever? Yeah, they were from the Cursed Sails campaign and are no longer available. ",[27],edy2smq,27
So sorry that happened to you. Let’s hope that person has some food they didn’t order tonight.,[20 24],edu3xr7,20
"So the price goes up until it's worth it for UK people who want to ""work for a few months and make some money""",[22 27],eera73a,22
Well if you already bought them why throw them away? Use them up and don't buy anymore.,[ 7 10],ee6qxzm,7
Boston Children’s Hospital has these!!! Love it!,[18],edug0vo,18
"""Don't make me count to 3! 1...2...TREE!""",[27],eeergfw,27
Software Engineering; had a knack for it at a young age and pretty much always knew that's what I was going to do. Yes. Extremely.,[4],eetu2qg,4
He’s from the city so I guess he gets crazy moms or something. He’s awesome 😂,[20],efg5wxo,20
I’m glad at least one good thing could come from my experience!,[17],edkw29e,17
So TD tried putting an invisible downvote button for real?? Didn’t stop me from downvoting their idiocy.,[3],edgc046,3
I'm betting she's 18 or 19 and freaking out about bills. She'll recognize her error years from now and regret it for a long time.,[27],efdhy5e,27
See there you go. Using the excuse to excuse the excuse.,[27],eemlljc,27
MAD JOKE!,[1],edrt7t8,1
They said [NAME] was the strongest candidate too... look at what happened there...,[27],eeuy9t9,27
"Yeah, sorry for that one. Some opportunities are too good to pass up.",[24 25],ed9873u,24
That’s because she went on to miss the lay up,[27],edjjzwd,27
Thanks so much for this pic! It’s even funnier the third time in ten minutes it’s posted here.,[ 1 15],edywkws,1
It would certainly improve some services (like transit) but would piss off enough people of both cities that I can't imagine anyone proposing it.,[ 3 20],ee7d4p2,3
"Just don’t bother. Let them have their hateful circle jerk. When they lock eyes while coming, that’s their favorite.",[27],ee1xfwj,27
I would have laughed it off and walked away. Last thing I would do is ask the internet if I was right or wrong.,[1],ed99jur,1
Honestly tho. Please stop posting this. We've been seeing this shit since at least 2003 and I was born in 02 ffs,[3],ee6l4ts,3
Why.?,[27],eeouuin,27
"No, princess, your body works the same way as everyone else's... You are not a mystery of physics. ",[5],ed2x7yo,5
I didn’t say you should take my word for it. You’re not discussing this sincerely.,[10],ee6vs6l,10
Too bad I do/,[2 9],ed8encv,2
He dropped the child down a flight of steps??? WHAT ??!!,[7],ee2mcg2,7
Happy to help!,[17],ef7uuwk,17
"They're a nakedly political institution, and have been for years now.",[27],eduajy8,27
"It still seems Fairy popular, I might get it. Thanks for the tip!",[15],eedqefe,15
I'm glad that yours is getting slightly better too! Keep on working on it and you'll be a social butterfly someday!,[0 5],ef49beq,0
Here's my [NAME]. and [NAME] in front of our tree :),[17],edm89cn,17
😭 I wanted her to be on the top 4; now we’ve heard plenty of times [NAME] mentioned so pretty sure ain’t gonna happen,[ 8 10 20],edv9n6r,8
At least people don’t say “I’m taking my talents to...” like [NAME] did in the decision.,[27],eert7ud,27
Could be other things. Make sure you have your thyroid function checked. Get a general medical checkup and have all important blood work numbers checked.,[27],ed4wygw,27
"Wait.....What? You do know that's not how it works, right?",[26],ee93aaf,26
What do you think? If you look at my question above? Last thing I should do is to say sorry?,[6],eeopsp5,6
"I'm glad I decided to watch this. Intense, entertaining football with an expert demonstration of how-not-to-use-VAR thrown in for free.",[17],eeq0bok,17
Level 50 and I started playing a few days after launch. And I've been playing whenever I had free time to finish those daily orders.,[27],eewtt6q,27
Imagine getting banned from r/NFL for saying the Saints only SB win is tainted. Feelsbadman.jpg,[27],eenonb2,27
At least he had some good cushioning.,[0],ed41saf,0
"For some reason I'm imagining a hauty, French snorting laugh.",[1],edglf97,1
"This comment right here, officer, provoked the murder.",[27],edv21ef,27
I’m a little scared of telling my parents (I’m in high school.) How do I approach them about this?,[ 6 14],ed4ual6,6
You get closure by blocking her on your phone and all social media. She dumped you. It's over.,[2],edpuxq0,2
Everybody poops.,[27],eez3qgk,27
Thank you very much. Follow up question what is a suura?,[ 7 15],ee20wmp,7
I'd be shocked if he knew much of anything about the EU.,[26],ed0xrb1,26
"I thought this was about [NAME] from Melbourne bc of the flair, until I started reading it. ",[22 27],eecfmg7,22
Virtus.pro straight into Grand Final.,[27],eecm7zo,27
spermatozoid is wrong someone with 31Q would have bigger problems than knowing how to write sperm Did you meanS this is beatiful,[6],efdtgor,6
The best daughter a father could ask for.,[27],eenrgcy,27
whhat rene with that hair an...he is the mayor???,[27],eenqbqf,27
Thank you! I had no idea this existed,[15],een9xsb,15
There's really no need to test for congenital defects with a mixed breed.,[10],edolu59,10
"Yeah. Sure.... Why don’t you just let us have some fun, wet towel person.",[ 1 27],ee3kklk,1
I love the '1000 paw slap' at the end.,[18],edfnmh1,18
lol that’s what I was gonna say.,[1],edc9niz,1
I feel you girl,[ 5 27],edoe0lt,5
This. Fans complain that she's boring but I'm actually glad she's careful about what she allows to be filmed.,[4 5],eeav7kz,4
Forgot about that. In browsing it looks like he is eyeballing other OC jobs.,[27],eduk9ib,27
For you maybe.,[27],eec1axy,27
Also dont have to worry about ramos and robles walking in runs to lose games,[23],ef8jcw2,23
*it's free real essential oils*,[27],ef6y4a6,27
Cool thanks for the reply. Always keen to learn from the actual people haha!,[15],edsgzed,15
"Life must be difficult for her then, I'm surprised she can leave her home. Hopefully she finds help if she wants it. ",[26],edt1c6u,26
Thermal shock has GOT to be some indie bands name,[27],ef8umiz,27
I love the smell of Napalm in the morning,[18],edm0jr1,18
Love it.,[18],ee7k14h,18
She missed the part where that's her problem.,[22],ef8tcc2,22
>Israel is literally an apartheid state It's literally not and the proliferation of that accusation is based on ignorance and simplistic understanding.,[27],efgz96k,27
Thanks so much for your reply it helps to hear from others. Good luck on your journey.,[15],ee0vpx0,15
Uhh. Okay. Lol.,[1 4],eepv6z6,1
"Choose wisely, you ....",[27],ed0x9ao,27
Comedy gold if you are the only one.,[27],ed5ghq0,27
YOU TOO FRIEND,[27],ef3qlkz,27
How is this the epitome of slavery? Nobody is forcing you to do this. Stop being dramatic.,[2],ediwjrn,2
You didn't tell me there was a gas lesk!,[27],edh0fb8,27
Great trade for us but we're losing some forward depth in [NAME]. Tbh though I would be willing to take the risk.,[0],efe9oq2,0
He’s from Long Island,[27],edoi497,27
Oh shit right. I forgot about that wonderfully horrible fact haha.,[1],edqbihg,1
Happy Birthday!,[13],eez8mcs,13
Some graffiti can turn that really bad,[11],ef3tpw4,11
Actually we win by realizing other fan bases have insane fans that are way overreacting to a blowout loss too.,[27],edm15in,27
I loved coming across this today! Nice work!!,[ 0 18],edy2hla,0
No lol. It’s a personal preference.,[1],edg1ft1,1
This person shouldn't be allowed to drive ever again.,[3],eerhzbr,3
"AYY! Anti-Semitism! Didn't expect that from AnCaps, but I'm not surprised.",[9],eeoyj9s,9
Omg! I'm just about to post a recipe with turmeric because I ALSO FEEL THAT WAY.,[13],edpzsin,13
That is not the typical sexual dynamic in western cultures. That's a crazy asshole.,[ 3 10],efbf4lt,3
Being bullied is what taught me I wasn't wanted anywhere.,[10],eenfk6d,10
Sounds like he dodged a bullet. You’re kinda dumb.,[3],eejrwhw,3
"Not all [NAME] supporters are tankies, but all tankies are [NAME] supporters",[6],eet37io,6
"[NAME]! [NAME]! A bag of your finest wine please, to go!",[27],efgm9ds,27
I think only Germany would have this kind of organization skills. Source: Know 2 Germans. Am therefore expert.,[0],eedbxya,0
the person in white is just wondering what happened,[27],ednz6pb,27
remember what you're fighting for,[ 5 27],eewg6ls,5
Pew pew pew.. gotcha!,[27],ee2ytgg,27
"How could I not? These actors...I love them. Their faces give me joy, hope. ",[18],ed28sbm,18
"I have yet to see a single reasonable person supporting [NAME]. Not on Reddit, not on Twitter, nowhere. ",[27],ee7dqql,27
"Hey, did you know that killing family pets, is indicative of future serial killers? ",[7],ee6nmnj,7
I miss seeing us have desperate intense energy. Maybe next game,[ 9 20],eentesu,9
I STILL WANT CREW ONLY LOBBIES,[27],ef0vdlp,27
The only character to never let me down,[27],ed8rdtv,27
"My holy trinity of [NAME], [NAME] and [NAME] all win!",[27],ee3rcuw,27
Do something about what?,[ 7 27],ef1kxxx,7
"I'm excited for them, but I can understand why anyone wouldn't be. They both use the fighting styles of characters who are already in the game",[13],ed7ocsf,13
"It's awesome. Sorry, I am a red-blooded male. I see a beautiful woman with a thick 10/10 body and I like it. 😎",[ 0 18 25],ee3al9h,0
True but stranger things have happened.,[4],eeh92fd,4
That's hilarious.,[1],eesryti,1
Happy cake day!!!,[26],ee9q98r,26
Dude I did think about doing a fake obnoxious cough to get their attention but then that would make me actually cough lmao,[27],efgs5y1,27
Which episode was this?,[7],edafllz,7
"From a movie point of view, [NAME] works much better, with [NAME] as their adopted kid. [NAME] dating [NAME] of course.",[27],edp1eay,27
Yeah until the last one has creepily wed and reproduced.,[14],efesqfz,14
Lol this fan base has the memory of a goldfish.,[1],ed69bca,1
Seriously beautiful my man!! Is it on apple music? Really great song,[0],edg82fp,0
Also the people there would love our scarlet and gold colors (I'm Chinese).,[18],efdnp89,18
"i choose alcohol. not recommended and ofc doesnt help to overcome anxiety, it just reduces its symptoms for a while...",[27],eey2hlk,27
I for the life of me can’t figure out what this has to do with polyamory,[ 6 27],ee0mhqx,6
This is interesting. You want to share experiences with her but not necessarily have sex with her?,[0 7],eds617s,0
And so are you!,[ 6 26],ef6gwce,6
"He looks great in ""Ideal Home"".",[0],eedocu8,0
"I literally said I turned my media up all the way, kEeP tRyInG.",[27],ed5xijc,27
"You know what's coming, right?",[6 7],edyv3td,6
And he will...Hence he shrugs off whatever you said and continues to treat dashers like trash.,[27],ef726rk,27
I eat crayons I shit crayons,[11],edsfrfj,11
"Is it weird that my first thought was ""at least it's not a Minion?"" ",[ 7 12],edtefmn,7
The feeling of betrayal could be one of the worse pains ever. Hope one day this will pass man.,[20],ef7v6pd,20
"Haha get it, they're taking it literally haha.",[ 1 17],edvv1zf,1
"It’s cool lol, no hard feelings",[1],edjlwbk,1
"Err. Lol, I guess.",[1],edbngxe,1
Nah [NAME] gonna be an asexual for sure.,[4],edk3kve,4
it depends on the page you moron.,[2 3],ef06cyk,2
What were the forwards doing letting [NAME] skate up the middle to get that shot of and score?,[ 7 27],ee393f1,7
"Think its time you let your butterfly self out, dear....",[5],efc7qh6,5
"Good luck to you all. You don't owe your dad anything, don't let anyone guilt you into seeing him.",[15],eda0sr9,15
I’m surprised the comments and views on that channel haven’t gone crazy.,[26],eecdibw,26
"I find that even when I wear a hat, I ""look [RELIGION]"" and get the same hate.",[3],edq8cab,3
That’s awesome! Hopefully the sanity keeps up,[0],efft7hb,0
Wtfr*ck [NAME] would never say n word !,[27],edvc9g3,27
"Only through surgery, steriods, and a high income. Personality is not a factor for woman, looks and status are",[22 27],edddvhx,22
It hurts to snap out of that denial and face the truth your loved ones are dead... I guess.,[25],edfsdug,25
"I was so hyped after the zach shot, I'm still crying ",[25],ed9x7dz,25
The most hatful crowd is not the lefties. Lefties may be annoying but hate as such is a tool used by the right much more skillfully and forcefully.,[3],ed7wr3y,3
I had never heard of chonky either till today,[27],edcsaru,27
Lmao we really tried that again,[1],eeva9qx,1
I'm about 5 weeks of NC after a 1 yr relationship. It gets better. Occupy and work on yourself.,[20 27],edev1wi,20
There has been a lot of talk about being so open about it was her problem more than actually doing it. I'd call that defending her actions.,[22],eemn315,22
[NAME] I hope we don’t have to as long as the Cubbies did to win a WS,[20],efd9iuq,20
You're correct.,[ 4 27],eepnhof,4
They had that coming,[27],eekn6b1,27
Why'd I get downvoted? Am I not allowed to watch Spider-man?,[ 7 10],eeyf8qs,7
So THATS how he got the room for that backhanded top 10 nhl goal...,[22],ed3xpn3,22
"[NAME]. No wife, no child, and felt lonely enough to ask the [NAME] for a clone of himself he then raised as his son.",[27],ef0kvjx,27
What? I don’t just want to sleep with him. I want more idk... I value myself,[10],edozzab,10
"It's the best, I haven't been so happy in a long time!",[0],edu8uem,0
"Might get hate for this but I'm reeeeaaaaaally not a fan of [NAME]. I don't know why, but I just don't LIKE her",[10],edd5oy9,10
Liquor stores around me used to be closed on Sundays for outdated reason but it never stopped me from going,[27],efey6fv,27
I agree 😊,[4],ee6mftf,4
Taking a charge up 30. I love this team,[18],ed4c8ce,18
Pm me I'd love to buy it from you if you have any spare!,[8],ef80ln0,8
Wow. The Miami police! [NAME]! So much to this documentary.,[13],efghc9h,13
Not quite sure what was really dickish about my comment aside from the seems fair part.,[6],edc1wfw,6
"She is in a weird fairy tale stage, but then also realistic. I’m so confused. I guess you be both delusional and logical? ",[6],edv09fr,6
I am just a regular guy. Maybe you guys should talk to a specialist....especially if you are trying to conceive. Good luck!,[ 5 20],ed1wh2b,5
"It's about the cause not individuals. If my death leads to a better world so be it, everyone has to die some day. ",[27],eez79ni,27
People done be ignorant,[10],edj7vcj,10
It’s shocking if you’re a bad electrician.,[26],ee39qac,26
BEHOLD THE GREAT GRAIN [NAME] BECKONS US TO ITS CHAMBER! FOLLOW ME MY FELLOW BIRDS INTO THE ABYSS!,[2],edttxtt,2
I wish I could get a lazy Malinois. I love their look and Mal puppies are so cute! But I’m not a run-everyday dog owner.,[ 8 18],ee8vzi8,8
MAGA morons don't travel outside their state so they don't care about this.,[27],eey143q,27
I'm going to start this weekend! thanks for the tips.,[15],ef9wmeh,15
*Time Of Your Life (Good Riddance) by Greenday plays*,[27],eezgcul,27
"Yes, we did.",[13 17],ed2cbws,13
"Post this to /r/penmanshipporn I *dare* you. Edit: been done already, I shoulda figured lol",[1],edp8gyz,1
"I'm a university student and even though I have a job, I'm going to find out about this at school. Thanks for the tip!!",[15],eedsd0d,15
"They paid the cost of removing the graffiti vandalism on the wall you mean, right? ...right?",[27],ee4vwaj,27
Could you make a ten hour version? I’m tired of having to replay this so often,[7 9],eevn0gr,7
My aunt lost a ton of weight by eating a huge bowl of lettuce with a very light dressing and tasty veggies.,[ 4 27],efep4mj,4
I was hoping - thank you.,[15],edt3tfv,15
Howd i get downvoted? Lmao. I love drones and think they cant be beat for SaR and aerial mapping... thats why i forwarded the proposal!,[ 6 18],eet8rmo,6
"I can’t change that it’s just how the site works, I wish I could but I can’t ",[27],ed55unt,27
Ah I see,[27],ed0pb4w,27
"""five minutes of fame""... [NAME] lmao. Ok, whatever u say kid.",[27],ee1asno,27
This is solid advice.,[27],eduw8hq,27
"> my cat needs new braces, Thank you. This made me laugh.",[15],edwq80v,15
Can't believe he took the time to count that. They both seem a bit obssesed.,[6],edbwl9m,6
"[NAME] better apologize to [NAME] for her comments, given that now she knows how it feels to send someone home.",[27],ef08uev,27
I'd love a 2D animated [NAME] trilogy. You can really go wild with animation and wild is exactly how I'd describe [NAME].,[18],eeylb38,18
"So glad for him, he's such a good man and deserves everything good ",[ 0 15],edojxnt,0
Lmao everyone in this gif was absolutely clueless,[1],edr61pi,1
"Probably a disclaimer so if they're 2mm short and your cut doesn't work, they can just point at the sign and refuse a refund/return/exchange.",[27],ed0b1u6,27
Preach my dude I know how it feels to get downvoted by the sheep,[ 9 25],ee3n1bm,9
Yeah a lot of people are missing that lol,[ 1 22],edlbof2,1
Stotts raising Nurk's usage rate is making me a happy fan,[17],edcthwi,17
I actually should do that.....,[4],edgbsvr,4
I Will as soon as I get out of The mental hospital lol thank you for recommending it. I love [NAME],[ 1 15 18],eelu2iu,1
"You forgot about Argentina, 30k people died here because of the USA",[16],edtkg4f,16
you still didn't answer the point....lol,[1],eestruw,1
It is difficult to free fools from the chains they revere,[27],ed6hvsj,27
Like taking a life from someone without their consent at all? Just because they cant speak doesnt mean they're giving you the right to kill them.,[27],eevc2j7,27
"Oooooooo, definitely agree on [NAME].",[4],ed38c9g,4
I cried reading your last posts. I’m so sorry about what happened. I hope you are able to make a change in their system.,[20],eez7nq6,20
So long as we get the [NAME] from this season and not last season I'm happy,[4],eed6xsw,4
An angry old person yelling at a retail worker will never listen to reason.,[2],edq9wls,2
Dice LA also has Dice Sweden employees on the team but we are wasting our time pointing it out.,[ 3 10],edeyrtv,3
That's exactly what I said and not arguing in bad faith at all. I applaud your intellectual honesty and hope your sexually repressed dystopia is swiftly enacted.,[ 0 20],eesyczt,0
This is cursed,[2],ed06h62,2
I'm honestly surprised. We should have fallen much farther,[26],ee2imz2,26
"Now that's brilliant... 30? woah. I'm only 19, hope it doesn't take me that long ",[ 0 20],eejpx39,0
"I wish they would have focused on them in the first movie, and slowly handed the torch off to the next gen by the 3rd.",[ 8 20],edulmxu,8
Talked about our demons after watching It's Kind of a Funny Story.,[1],eegca5p,1
which he has now admitted was an error in hindsight and is encouraging JT publically to ban them,[27],eektgkd,27
You don't. Ever. It's robbery.,[27],ed27hxh,27
No matter which you pick ([NAME] or [NAME]) the dance and the date scenes were great. It genuinely makes me happy seeing [NAME] happy.,[ 0  4 17],eee4z9g,0
I want to make friends too :( but I feel like I have nothing good to offer,[9],ef8cruk,9
Probably. Someone posted something along that in the 90df sub when people were asking why [NAME] were shopping at an expensive furniture store.,[27],eeic1ff,27
Sad part is there’s Flames fans that think this is true,[9],edxoxsd,9
No thank you 😉,[15],edar26i,15
"I schedule reading breaks during the day. It allows me time to relax if I’m feeling overwhelmed, but is still beneficial for the kids. ",[ 4 23],edoucfa,4
This reminds me - I need to feed my horse......thanks AOC,[15 22],een3zjq,15
Formal stays getting turned on Edit: Why y’all downvoting lol,[27],edtdga1,27
I don't know how everyone is falling for this lmao. Cringing a bit.,[9],eeyxaw7,9
"I thought it was a bachelorette party. Re-reading it appears it isn't, which makes her reaction even more immature.",[27],ef24mnw,27
I wish this was animated.,[8],ef61oot,8
Not everyone has given up on Wigs. We’re much better off staying the course.,[27],ees0whg,27
Freedom of speech does not mean freedom from consequences. This guy missed out hard cause she's smokin' hot.,[27],eeu5uqm,27
Hmm...I'm very human...I AM a Vampire...🧛‍♀️💜,[27],eej3xqy,27
"i meant that either one has no scientific backing and was just made by random people, knowing how much people love lables",[18 27],eez4411,18
If only. He’s signing with the red wings 100%.,[27],eetlakl,27
How incredibly dangerous,[14],ee6pufo,14
the worse part is you might be crazy yourself and have no idea!,[10],ee37q3g,10
"No deagle nerf/vault, good patch but could be way better",[27],efa2lyl,27
"nice, was a big fan of REQ but haven't kept up with their progress much the last year",[15 18],ed2me0o,15
Ok but who’s gonna take one for the team and make their flair “eats Xanax and moves on”,[4],efgbh3v,4
i agree to kill all children,[4],edjur8k,4
"Yes, good for Destiny and Bungie, I wonder if they will return to Microsoft, remain independent or sign with another company.",[ 0 26],edtgfp6,0
"Aww, try mindfulness. I think I am going over to that sub now.",[27],ed6srlg,27
Im retarded lmao Etiz/flualp,[2],edmb4mi,2
"Yes, some doctors look down on military docs. However, I've never seen military nurses looked down upon. If anything, it gives them a leg up.",[ 4 22],edsseyh,4
ok that's kind of cool....,[ 4 23],eexnkhz,4
"Well, that's only if you assume that something being impossible is the opposite of something being possible.",[27],eedvpx5,27
It was stupidmancostume,[2],efb729b,2
"[NAME] lol, took me a second too Edit: it appears Iowa has multiple sacks",[27],eepxnue,27
Hate them. I really don't need to hear about you pissing your pants in the first grade.,[ 2 10],ef7d389,2
What's the discord called,[27],ef5088v,27
"12 years, that's it? Psh I've been dating my gf for 20 and engaged for 10 years",[27],efaz8sr,27
The only power another has over you psychologically is that which you give to them.,[27],ed14m5q,27
Do you always assign people positions they don't hold to avoid accountability for being a failure? Or is this a recent development?,[ 6 27],ef4kltv,6
Why am i reading all these different,[27],edamcn0,27
Wow! This is an old one! Everyone knows atheists don't have A holiday. They have ALL of them!,[0],efdw6m8,0
Oh boy I was wide awake when I lost my under 51.5. [NAME] can go fuck his ugly self,[11],edz2bc6,11
It looks like it's from the Molecule Effect on Santa Fe. Great quirky spot!,[ 0 13],ef2dygj,0
That guy servers,[27],eepbc5j,27
She's just going to suck you back in.,[2],ee28b5b,2
I've learned everyone in this video is an idiot,[3],eev5d3i,3
Have a good evening thank you!,[15],eewkh7i,15
It didn’t come out. What you say!?,[27],eeewqa5,27
Narcissism combined with pure idiocy leads to statements like those.,[27],effhvqm,27
I love the aunt. Hope she doesn't back down.,[18 20],eeog7ji,18
Number 20 to the rafters.,[27],edlo2nt,27
The Angels should recruit him. (only a bit /s),[27],ef181hn,27
"Wow....thank you...you just ""woke"" me up :) ",[15],ed5sl58,15
I didn't think it was that bad ><,[11],ee7p08v,11
Bingo - using market cap as your yardstick is as stupid as using GDP as a yardstick. One metric is never enough to capture a picture.,[3],ef59p5c,3
[NAME] killed him and was only in for like 5 minutes...,[4],eeet2ri,4
Looks like he's been dealing with a wrecking ball of stuff,[22],een5omm,22
Can I start getting excited for [NAME] yet,[13],eeqqrvv,13
I’m sure you could find some unsatisfied women looking for a hook up.,[4],edhw4j8,4
would it be like Caspian’s bombs where you have to directly be hit by it?,[27],edae7vx,27
Thank you so much. This is really valuable information!,[15],ed7lkjb,15
I called an ambulance for my friend without knowing it was against her wishes. She never blamed me but I felt really bad about it.,[25],eey5mir,25
-no scary creatures trying to kill you- Ha! You haven't heard of Rhode Islanders yet! /s,[27],eenoj34,27
It's a shitty made shirt but if it was done well I'd wear it.,[9],eczsaya,9
It’s okay my mother in law left her Prius running outside my house for overnight and most of the next day.,[27],ed1ti7f,27
Not really. They redefine the NAP and ownership until the people they don't like are now the bad guys just for trying to exist.,[27],ee28968,27
Not much of anything,[27],eeq7qv8,27
"Google specific articles with figures and data for me, I'll wait.",[27],ef4gmj6,27
What the hell- they're paying for cars they don't and won't ever own?!,[2 3],eeyq0ga,2
I appreciate your optimism in saying just a few more years,[0],eczkvwy,0
We thought we had seen the lowest of the low in 2016. Wait for 2020 it's going to be ugly.,[27],eeuia37,27
Plenty of activists have skin in the game. Sounds like you don't know many real activists!,[27],ed2s7n8,27
yeah but we really don’t want to be like them. it is an example of failed communism turned militaristic authoritarianism,[10],ee6yp1b,10
I was trying to think of a better player to pick on..... couldn't lol,[1],ed5tpbx,1
How did he kill u with kobolds btw?i wanna know how this was done.,[7],edp0k9d,7
But what if they have sons?,[27],eczzkwf,27
100% rotation of troops.,[27],eet67po,27
Taking a 2-0 in any WTA match is asking for a heart attack. Not necessarily bad though.,[27],eeb3cel,27
"I was kinda just silent the whole time, we haven't spoken since. ",[27],eeyihxz,27
I'd be pissed off if I was a [NAME] who voted to remain in the UK & then got shafted by brexit..,[3],ee4mczj,3
To annoy you That's the real on reason,[3],eepckcq,3
He suddenly realises that's not his house.,[22],edmv7t1,22
"I used them too, did a great job but they were super expensive.",[0],ed4b598,0
I'm concerned with optimal health. Not surviving.,[27],eeyep38,27
"i mean, at least we don't have to worry about being embarrassed that we have a small penis, I guess? ",[7],ed2az4p,7
Oh man this is horrible and the best summary of this subreddit in one single comment. I love it. Thank you so much.,[ 0 15],edr3vai,0
You can. I've used my Kroger-linked phone number while travelling to other states with success.,[4],eduepbc,4
LOOKKIT THIS PHOTERGRAPH,[27],ef17uf8,27
A lot of times the only thing holding any of us back is ourselves. It's not too late to start writing either.,[22],eegah1a,22
"this. faster, same pedaling but way less effort involved.",[4],eeumb7n,4
Most likely shock that had him so comatose.,[26],eetz0g9,26
BTW does anyone watch peep show and have noticed how much [NAME] looks like [NAME]?,[7],ed6dony,7
You look Beautiful! Curls are wonderful!,[0],eeb8327,0
Yep. He would also probably have had a not insignificant “metoo” moment.,[4],eenaoez,4
">""Le Painting""??? What hell is that? - [NAME], 2019",[2 3 7],ef8toel,2
True. I don’t know the story [NAME] is talking about. I was just clearing a perceived misunderstanding.,[27],eczo42b,27
So glad to hear that! you go girl<3,[17],ef64o7c,17
"Visit Texas, or come to AZ. Then you’ll understand.",[27],edowc0f,27
That is some serious dedication... He must love his job,[ 0 18],effqfrl,0
Poison is usually physically damaging,[27],ed43q68,27
"not really. but those people that go out of their way to say stuff like ""have a blessed day"" or whatever kinda creep me out. ",[10],ee6axat,10
You again? I already told you this isn't the right place for this.,[3],edux59c,3
I checked there but thank you!,[15],ee1r8q9,15
You SW folks and your fancy pubs.,[27],edrpsew,27
It’s... METAPHORICAL!,[27],ed5uiu0,27
The “targets” so far has been guilty.,[24],edeavts,24
i like how he just bursts in like DID SOMONE WANA SEE ME ROL OVR !?!,[27],eexqlgi,27
"I know he will be, I'm just nervous. His face is just going to be so sad 😢",[19 25],edr5k3u,19
How sad that you think because [NAME] wants something we should no longer want it. Grow up you child. Life does not revolve around you or [NAME].,[25],ee4cky1,25
> This isn't where I parked my car Seriously I can't find my car.,[3],eexcxg1,3
I won't stop crying 😭,[25],ee6iolx,25
well that’s because it’s fake.,[27],ed34jh1,27
"Considering you are also a child, I can't say I'm surprised by your edgy hot take.",[26],edku47p,26
My guy was wondering where you were at,[27],edv12tj,27
Sorry that's a mistype. I mean equally irresponsible,[24],efaz52t,24
Maybe Streamlight Strion if OP wants something Fenix PD35 sized? Havent used one myself but have heard good things.,[0],ee4g4k6,0
Found the apologist.,[27],edofwho,27
Yeh? It just changed on me last night after I cleared my cookies...,[27],ef9ibez,27
but this girl said no make out lmao she just want a cuddle buddy till marriage XD,[ 1 18],eduqnet,1
Love that lane. It's like the best part of Rome.,[ 0 18],ee0dr3p,0
I’m in my second year. Still closeted. Still uncomfortable with my body and sexuality. Still socially awkward.,[12],edv3vmn,12
"I get what you mean but still that's like mixing ammonia and bleach, it's not gonna go out well.",[ 9 10],ef6cg2v,9
[NAME] what an asshole.,[2],eedei8t,2
>[NAME] Why? I'm curious what you're thinking.,[7],eena656,7
Tbh I couldn't tell if he was serious or shitposting,[6],eei2xh2,6
Thanks! Going to try this the next time I'm at work,[15],ef7xz32,15
#I BELIEVE IN [NAME],[27],eel1yma,27
He did not finish the eeason. RBs get injured more than any other position. The list goes on but we need another RB.,[27],edik4er,27
What do you stop from trying until seeing if you truly can or not?,[6],edfb5sq,6
they're shite - disgruntled OCSC fan,[ 2 27],efdsksn,2
"I bought up custody with a feminist friend and he said, ""men almost never try to retain custody"".",[27],efayla9,27
Hard to follow after reading his post history. Says he is divorced...,[25],eddxg84,25
Sending hugs and good vibes ❤️,[ 5 18],eeo3o4x,5
>it tasted horrible to use. Eating some of that right now. No regrets.,[11],eeanz9f,11
"I'm not a real estate guy, but isn't it normal for rich people to buy nice houses in nice areas?",[27],eevykox,27
One of my 56 favourites,[4],ef5zt1i,4
"Nice job on those renders, they look great",[0],eey7rr7,0
"Yes, [NAME] doesn't like situations where he can't buy a victory. ",[27],ed98kbx,27
You can't freely make a decision when your opinions are a shitty contract or life on the streets. That is not freedom.,[10],eewhpk6,10
I feel like they're blaming the school for them doing exactly the right thing.,[11],edj136y,11
I take it they don’t train high risk traffic stops in Arkansas?,[27],eczpwqw,27
"I stand fully corrected, thank you!",[15],ee7onst,15
That really sucks. How old is your baby?,[7],ed4coog,7
Here is another extremely informative video about the Wii Shop Channel.,[27],eevyivk,27
Before the ~~Empire~~ MousePire. ooo ooo Mouse Pyre ! lol,[1],eee67bs,1
"Nope, no deal far more likely to starve the country than U-boat blockade.",[10],ef7rv7u,10
That's ignorant as all hell. Tell them to buy their own.,[2],ef1y8ui,2
Halakhically it appears that they didn't have a problem with it. Halakhically I have a problem with it.,[27],eeox2mx,27
Sounds like you're in a good place. I'm happy for you. For me... Right now I don't care how my STBXH is doing. Hahaha.,[0 1],eezcsnm,0
Any food shortages will be caused by these idiots each buying 38 tins of beans a few days before we leave.,[3],efh8t75,3
"Other than some wacky pick up orders, the dine-in customers are very sweet at my place. It’s a good thing :)",[17],eeuoqxz,17
"Great story. Maybe it isn't malicious compliance, but I enjoyed it anyway. Damn companies who lack empathy for other humans.",[ 0 17],ed28bqh,0
Oh hi there stereotypical psycho right-wing tabloid sound bite.,[27],efc0prp,27
Do kids even know who Papa Smurf is these days?,[7],eepxzyq,7
An extreme strawman example doesn't change what I said.,[ 4 27],ed0rofv,4
Can Diggle put a bullet in him already,[27],eenr736,27
"Yeah dude I like the brown sugar ones a lot, what’s the problem?",[4 7],edjlshl,4
"Aw how cute, the human garbage wants help. ",[0],efabimm,0
"Okay, how?",[27],eekwr3n,27
"Yeah, I completely agree. I was just making fun of this sub for seeming like they only want girls wear hoodies lol.",[1 4],edeoe5x,1
So you made this purposely to get post karma...,[27],ee0uom6,27
"Honestly after he was so reasonable and calm throughout this confrontation, the hatchet man tattoo made me chuckle. Definitely unexpected.",[26 27],ef5y4b0,26
One counter example is enough to falsify a claim. It does not matter how many examples there are which agree with the claim.,[27],efc25sh,27
Thank you for the explanation! 🦈,[15],edqyqnc,15
He’s something of a genius himself.,[0],eec74qz,0
Do they not have a tarp over them or anything? They just have to stand out there in suits and dresses getting soaked on national TV?,[27],ed0gd0j,27
The people I have heard from say [NAME] was a [NAME]. They will miss him but are still not willing to speak poorly of [NAME].,[27],ed4hfra,27
This was actually good until the bird came in.,[15],ed1urak,15
That’s a cool steering wheel cover,[0],edv6crp,0
What happened next?,[7],ef1trkk,7
"> So basically, if you're responsible with guns, you have nothing to worry about. I'm worried about *other people* not being responsible with guns.",[14],eerybhn,14
That is not how that all went down. Good story though.,[0],ed5ggob,0
"I read this place obsessively and didn't see it, so I'm enjoying it and upvoting it anyway",[17],eetil5z,17
"I made it! My DH went to bed at 10:00, so I kissed my dog at midnight. Happy New Year!!",[13],ed0iucb,13
That’s awesome news! Welcome to the family!,[17],eezyo7k,17
Sounds magical!,[13],edi4y8m,13
The shocking conclusion.,[26],edxsah4,26
"Wow, AP. Just wow.",[13 26],edmastd,13
"The character [NAME], is it only useable in Blackout mode? Or can you use it in multiplayer?",[27],eczgz0k,27
"No, honestly. I’ve never had this problem until now and I’m not sure what’s happening ",[6],ef9hhwq,6
"He knew what it was, he had just never eaten it somehow.",[27],edj3l4c,27
If your enjoying your time with the other person then you are always on fun dates.,[17],ee7km6c,17
good luck my friend,[5],ef8u7bt,5
">more money than you I seriously, *seriously* doubt that. >doing something before this guys are outta the country Prove it.",[2],eebwhv4,2
Like a three dollar forty bag of fresh hiphop?,[6],eef1sx9,6
Ive initiated with men I dont have ahigh attraction to. I have a high libido. Your post seems overly simplistic of gender.,[27],ee0vouv,27
We used to do a lot of terrible shit in the past that’s not a good argument,[10],edrdm2k,10
Man I just hope for a good ole fashion W,[20],edwqy2d,20
I can’t translate /s to Texan speak well and forgot so my apologies y’all :),[25],eejysos,25
This. I saw a life pro tip a couple weeks ago about this. I cant believe how clean my kitchen has gotten.,[26],edoalkh,26
"Shut up, [NAME]. ",[2 3],ed66zxr,2
Because you live in a desirable city? This isn’t exclusive to SF.,[6 7],effd4cy,6
Agree with most of above apart from TERA is no cash grab unlees you just want to fast forward a little with gear and it really is a little lol,[4],eddym58,4
I see what you saw there.,[4],eevga0w,4
Doesn't change too much. A delayed bribe would still be a bribe.,[27],eer80pa,27
Thank you everyone for the suggestions. I think they're great much easier than my thoughts of trying to donate money instead of the contents.,[15],ednesi7,15
Wait...what?,[27],edng066,27
Sorry that you lost that stuff. But that's a lot to have in your car in SF,[24],eczz9ys,24
"while her other suitor looks like a decent guy, looks good, trying to be a good bf.",[0],ef6q723,0
Eh I kinda won't him less now. I like the chase,[18],edlmu0d,18
He looks especially cute in the glasses.,[0],ee0sk10,0
Was that before or after the Sulphuric Sphincter show?,[6],edofcye,6
gorgeous pic!,[0],ee8xd3j,0
"lol wow missed that, it stays",[27],eff6erl,27
"No, they couldn’t hav- They shouldn’t have. uh...this makes me feel sick 🤕 ",[25],eegbfvn,25
Lol still makes me laugh,[1],eddtpy1,1
Does this mean there's no police on the streets or do they have to work with no pay? (I'm not from the US),[7],edrhko5,7
That thang juicy,[27],eeqh9w0,27
Nier 1 is 20-30 hours per playthrough. Nier Automata is about 10 hours per route.,[27],eesgjwe,27
You’ve been planning this for a while huh?,[7],edts446,7
Play in traffic,[27],edts3mc,27
"LOL, I suppose so. All I'm saying is that... you can have a person and make them appealing too.",[1],eedmgz3,1
"so, when and how do we pull a lando and turn on vader?",[7],ee6pv52,7
That’s a rad gift.... I cried when he came back from cancer. He was my hero,[ 0 23],eff0efd,0
Alright guys I got next on the repost,[27],edy7mn2,27
We draft [NAME] OUR ARMS WILL BLOT OUT THE SUN!,[27],edouq55,27
"You are megalophobic, my friend. Welcome to the club.",[15],ed4ngnx,15
"/r/nbastreams is now posting home/away on their feeds, super easy to use.",[13],edcckl2,13
Well the explosive oil laced diarrhoea probably makes you feel better about the flu,[27],edyeyss,27
"I remember seeing that scene the first time and being like.... I loved Princess [NAME] before, but now... something is different",[18 22],edflgjc,18
That's... why I'm here.,[27],edkfe3k,27
"This isn't about football, [NAME] is a horrible dude.",[10],edg7kgm,10
>only ones who really suffer are sport and competition shooters. Which is likely the whole point What makes you think that?,[ 4  7 27],eet620p,4
Wow full-screen twitch on mobile is cancer.,[27],ednl416,27
You’re amazing thank you so much!! :),[ 0 15],eeaofpz,0
Devastating to hear of any news like this :(,[25],eeshbvv,25
BUT THE HAMBERDERS,[27],ee7mor0,27
"This momentum control by the refs is killing us, and we're letting it",[ 3 25],eete4fu,3
I appreciate it!,[0],eebzvi7,0
"Same here. I drink a pint of water? No bathroom needs for at least two hours. Pint of beer? Half an hour, tops.",[4 7],ee4uih9,4
Yes. You fucking troll me every time. Fuck you.,[2],eea6yzy,2
"I’m sorry you’re going through the hurt, this shit sucks so bad.. I don’t wish this upon anyone..",[24],eeaom48,24
I was about to lose my shit but then I finally found the Plumbus,[20 23],ednn4ad,20
"My bad, sorry. I kicked a pebble on top of that mountain.",[ 9 24],eewx6on,9
I bet they're the kind of teacher that says something totally wrong and then power trips when one of the kids calls them out.,[27],efb5mc4,27
"I seen a video, must have been one of the students where they've completely surrounded the [NAME]. ",[ 4 27],eejfg4x,4
"It shouldn’t say that, because it is not single payer ",[10],ediws1q,10
I suppose you would take on somebody else's terminal illness if you could. That makes you the opposite of a coward.,[0],ef2oybg,0
nvm it took me a whole 10 seconds to realize LA schools probs don't have built-in snow days,[27],edlws9d,27
"And trying to take [NAME] gun away. 😩 Like really people, it's his weapon, find yourself one and stop trying to teach him better",[ 3 10],effi410,3
The famous tank man. We know close to nothing about him. So I rather preferred to think he is living his life peacefully.,[0],eedwd61,0
I didn’t misinterpret the comment. There are kids in the truck. Watch the video with sound.,[27],eeu8l0f,27
"With ice time and his defensive liabilities taken into consideration, I'm still not too high on him",[27],edroo3g,27
I don't remember this song at all I had it on psp back then.,[27],ed72vtx,27
Hahahaha that one is my favorite [NAME] video,[ 1 13],eeaaqzw,1
"It’s a shame, I’ve had numerous friends with disabilities but I’ve never treated them any less then my friends without.",[12],ee5rqyi,12
WOOO!!! You go boy!!! Good job!! That’s a huge milestone checked off and SURVIVED! Yay!!!,[ 0 13],ed1ps1q,0
- But mom! I don’t wanna go to school today! - You’re going little shit.,[ 2  3 10],efc4l4m,2
Fantastic news for supply - hopefully it translates to less pressure on rents. This market desperately needs more supply and this is great news.,[ 0 20],eea2brh,0
We got 6 (: She had us carry them out for her. There were some interesting items in the car.,[7],ef1gobx,7
"His base is too large to knock him off. Unless he gets impeached/indicted/god knows what, he’ll probably be it (sadly). ",[25],edjfp89,25
Interesting note about the QR codes. I've almost never used them myself. I tend to just copy and paste an address.,[27],eekcm98,27
Classic Narc behavior. Go No Contact.,[27],ef45rdo,27
This isn’t 30 years ago.,[27],ed5ubg1,27
"My dad makes that joke ""I have to fight anorexia"", his BMI is 31...",[1],ed0mvkw,1
"Funk Night @ Marble Bar is Friday, 1/25. Always a good time and only $5 to get in.",[ 0 17],eeviobz,0
They can choose not to be abused by refusing to work such a shitty job,[27],eefjkda,27
I was hoping for a new album surprise came out of nowhere when i saw the notification.,[20 26],ed36hqc,20
When everything is amazing all the time then nothing is amazing.,[27],ed0nqup,27
I remember all the Bolt-on jokes this sub was making when it happened. All the best [NAME],[1],edgvuon,1
WW2 has the best supply drops ever,[0 4],ee05509,0
They've done that with quite a few presidents before after all.,[27],ee78dw1,27
Can you imagine not being able to pick your nose THE WHOLE GAME ! Those poor bastards.,[ 2  3 11],ef40amw,2
"But that was a long time ago, I wasn't drunk at the time.",[27],edr1294,27
You don't hand your baby to perfect strangers in public. You keep them close and mitigate exposure to the best of your ability.,[10],ee57yyc,10
Yay! (Tech will be improved. Eeeek.),[17],edoeypb,17
"Overwatch. Dota 2. Rocket League. There are plenty of games that implement loot boxes well, and are the better for it. ",[27],efag3fc,27
Link,[27],ee5h28k,27
Absolutely same.,[4],ed3e2yk,4
"Deadass? Shoook?? Come on [NAME], do you really talk like that? You sound dumb. ",[6],edv8n83,6
"Frankly, I'm continuously shocked that more than 35% of the population actually think he's doing a good job. ",[ 0 26],eeha46z,0
Annnnnnd you get downvoted by people who don’t like getting downvoted. What a time to be alive.,[27],edcd3mq,27
Northern...where the N stands for Noledge.,[27],edj2jj1,27
when my egg cracked I went through like every teen girl phase in the space of 2 months lol,[1],eczmdj4,1
"He was skinnu guy all his life, untill that transformation.",[27],eer9uzm,27
Yea he messed around with a 33 year old man dating a 14 year old children. Alabama is one of the main stream media lies.,[27],eehumaj,27
Who is brainwashing people to believe it's all a social construct ? It's really frightening that it's become so mainstream.,[3 7],ef92j8c,3
Originally just a child murderer.,[27],eevl9ry,27
[NAME]. is getting REALLY good!,[0],eeqyv37,0
Mental health issues get such a bad rap as it is. I appreciate this comment a lot.,[ 0  4 15],edyjnzo,0
Why did you post my autobiography,[3],eee689s,3
"Do something you’ll love and you’ll never work a day in your life? Huh, strange",[20],edzy768,20
Yep completely bc no kids ever liked to draw. Definitely me.,[27],edchgvs,27
"Nice quote, not sure if it was worth the time to pull up though.",[0 6],edox6cs,0
"No dude. This person has two sick kids and is taking you back to their place... yeah, just no. ",[10],ees3c03,10
Look at her all grown up 😍beautiful.,[ 0 22],ef1571z,0
WE ARE WINNING THIS GAME,[13],eeeos3v,13
"She's a nutjob, but this is a really good quote, lol. ",[1],efewmfy,1
"Can't find it. (I don't mean [NAME] ""weewee weenie"") looking for 90df savage group",[27],edkgmfr,27
I was 10 years old when this happened and seeing her heartbroken dad on tv and hearing her story still haunts me.,[14 22 25],edv24bo,14
"Oh boy, yeah!",[27],edy5u2h,27
I imagine that 50 years ago that's exactly the position he would take,[27],efeqpo6,27
All good brother,[17],eeawdya,17
"That sounds awful. Glad its from 4Chan, so I know its fake.",[11],ef94nr9,11
Her hair has looked it’s best since around 2015ish. I love the dark hair on her with the subtle pops of color.,[ 0 18],edlstuc,0
"And any form of bottom up government is also extremely susceptible to corruption. Basically, humans suck. ",[9],edu4ff0,9
Alright leaving town now. Thanks again. Taking my mom she’s always wanted to go to a game.,[15],edxxsfn,15
"Cop is stupid for upholding the law, I think most people here would beg to differ but wtfdik",[3],edmbic4,3
I think a lot of those same people are just over it.,[27],eekfc11,27
"Of course it's going backwards, people generally don't want to acknowledge men as the people that hold society on their backs.",[ 4  9 22],efg5jsn,4
"Ugh obviously that's not what I meant, what I meant is that *socially* if they have a sibling that they do not need humans *socially*. ",[10],eehy5uc,10
You’re killin me smalls. Hilarious.,[1],eep11eh,1
I actually feel assaulted by this video.,[25],edj86o3,25
There were more but they got deleted for being duplicates. I removed a couple and the original posters removed a couple too.,[27],edek1nm,27
"Yeah, look at the publicity for just that. ",[27],edkgdoc,27
We could cure child cancer and pictures like this would still make me happier,[17],ed2q6np,17
Where’s Sharpton now?,[27],edgcgk1,27
"of course not, [NAME] and [NAME] were great friends and anyway, he's been dead since 2016.",[16],edu8c69,16
Kleber 1 on 3 doesn’t matter lol,[27],eehh8dx,27
I noticed this last night when rewatching [NAME]. Her daughter was easily 400 pounds.,[27],efggsxt,27
IIT: man turned on by that and me trying to figure out how the fuck does she not gag?,[27],eey8vbu,27
Awesome quote.,[0],ee6fuwh,0
"Not really. Also it’s Winnipeg, sorry we don’t have the population of Tokyo...",[9],efejtfk,9
"Hmmm, this may be the one Friday evening in which reservations are easy to obtain... ",[27],eduh5pp,27
You sound like my gf. I'm so lucky to have her in my life.,[17 18],eelqx18,17
LOL to your family,[1],ed8t8hd,1
Happy cake day and happy birthday! I'm sorry your friend bailed on you.,[17 24],eeqnavd,17
CL...let’s just hope we can stay in EL for the time being.,[20],ee6oz9w,20
Your parents must have adopted.,[4],efdsf7y,4
"Didn’t know if you knew, so I was just trying to give context to your statement. Sorry. ",[25],edkic3y,25
"Stick to your arts degree, the men will keep building this province, regardless of having to fix garbage the TFWs built.",[4],ed69fi2,4
Am I the only one who can't get the sound to work?,[7],edwnpw4,7
I think the dog is mostly worried about being fed and let outside when the last of the humans stop coming home.,[5],eeoffax,5
To laugh at the bad memes,[27],efcxay0,27
"Honestly, State and Revolution is what made me ananarchist.",[22],edelggr,22
> and no one but angry community fanboys have pushed back against his statements.,[2],edcjydk,2
"Kids are curious and brutal. If she actually spoke in front of the class about, she'd probably leave crying.",[7],ed4o6ff,7
No worries. Have a nice day.,[5],ef33w8v,5
[NAME] was gaining a lot of buzz until Twitter cancelled her after finding a bunch of old racist tweets.,[27],edvr531,27
As a fellow artists and raised by an N I just want to say congrats.,[15],ef1nrh0,15
Are you saying you do not want to go to bed right now?,[27],eettry0,27
[NAME] that bottom picture. the brows mixed with the hair terrify me 😰,[14],eeshoje,14
u fucked up,[2],efe1roo,2
2nd Intermission question: whose football team is in the playoffs Rn? How about them Seattle Seahawks!!,[27],ed22kqf,27
"i doubt he supports r/The_Donald, but he still lets it exist.",[27],eenw5ad,27
Of course. I'm curious as to why you'd think it was a bad sign?,[7],ef162u1,7
Nope. Just running from people wielding axes like a normal person. Instead of acting like a tough guy on the internet like you.,[10],eepryut,10
"Probably just unfairly cherry picking things like his words, actions or writings as if those were at all indicative of his beliefs.",[27],ef71kib,27
#WHERE ARE THE TURTLES,[7],edd5jzy,7
They’re grossed out that these two are blatantly grinding outside of a bar/club environment.,[27],ed1611v,27
HUGE difference! SO important! Amen sister.,[22],eeqdq4e,22
I find that a normal chat in Chinese can sometimes have that effect too.,[27],edrmoix,27
He has a humiliation kink. He's clearly not expressing it in a healthy way and should probably see a therapist and/or a professional [NAME].,[27],edoym6a,27
haha someone's gotta rep for our struggling sports programs,[1],eeytigc,1
"Happy for him, great game. ",[ 0 17],ee9i6gy,0
Not possible? Not that I’ve heard of at least.,[6],ee4q64p,6
"I just assumed that was, uh, Turd Man. Wiggly Turd Man",[27],edbvr71,27
Awe poor guy! He still has a sweet face even with the new addition. Glad they were ok.,[5],efdnq2a,5
"I mean there's some truth in so far as the criticism should be first and foremost directed towards the parents, with [NAME] in a close second.",[27],eegbsuu,27
You’re right. With IDs coming temple desk workers will look an awful lot like TSA workers.,[4],ef207qy,4
it's harder for them to do it in person.,[27],efh39ok,27
"Ugh I live in WA state and now I'm scared I'm going to get measles even though I'm vaccinated, I hate anti-vaxxers",[ 3 14],ef201xo,3
He lives in Russia. This is not the best thing to make public in that country.,[27],eelfch5,27
Holy shit!!,[26],edlvn5z,26
I eagerly await [NAME] rush meta. >=),[13],eeay491,13
Lol aren’t you the guy that got banned from UKPol for being too left wing? I have to say guy that’s pretty impressive.,[0],efgs35v,0
Vegas favorite getting No picks. That's gotta be pretty unusual,[27],eeg8z3i,27
>a Thursday night rampage that killed the 22-year-old officer and shot up a surrounding downtown neighborhood. Not exactly a constitutional standoff with the government,[10],edxgc1a,10
Someone shits on the floor and you'll say nothing?,[27],eda5d8f,27
"I love that I’m smart, but not so smart that I’m socially awkward.",[18],ef8i57t,18
Me too! They were half off at the grocery store and people love ‘em.,[18],ee3vmeu,18
Nailed it !,[ 0 21],ef91sbe,0
I Can't Believe It's Not Butter.,[26],eejielf,26
Congrats on approaching the situation with logic unlike most everyone else,[15],edfm9ld,15
The sad truth is that all the feelings you get are real and genuine in that moment,[ 9 27],ed32oqz,9
Welcome back to H town!,[15],ef2lew6,15
[NAME] never suited up for a Dodger affiliate.,[27],eesed8q,27
Oh no! He’s right!,[0],ee1wui0,0
70 year old me doesn't give a fuck just piss or get off the pot!,[2],eelwdcx,2
Love the post bro. Gave me a lot of ideas.,[ 4 18],ee3lejd,4
Yea having children will always solve the problem,[4],eeh8n09,4
I feel attacked /s,[27],eecpz7n,27
You grew up in America. Your culture was teaching your children to think and fight for themselves.,[0],ef1tg7o,0
Im a Florida you racist,[27],ee9ooiu,27
"I'm new here from the U.S. This convo cleared it up for me, so thanks.",[15],edofsew,15
Lol oooops!,[1],edrbp43,1
ahh sweet man seems like i have more luck at night like 6 and after,[27],eeqan7q,27
[NAME] was the [NAME] of the [NAME] years. Didn't realise he was still about.,[22],edf126f,22
She doesnt mind! I'm her favorite person!,[4],ef4k1ed,4
"We need to get some away wins now more than ever. 2nd half of the season, no more time to be circle jerking each other! ",[27],ee90c4h,27
"He wants to make excuses for his affair and I doubt you'll feel better after listening to him. In fact, you may actually feel worse. ",[11],edeegz4,11
You are amazing. You really and truly are. I'm so proud of you. Hugs.,[0],ef1h372,0
This will either be a classic or a complete shitshow,[2],edkykhz,2
How can he balance like that with those massive balls of steel he obviously has?,[7],eeiyceq,7
That couple were jerks. I am glad you made them move.,[11 17],ed8jmfo,11
"If your maternal grandmother is [RELIGION], so are you. Not having ceremonies doesn't change that.",[10 20],eew9vto,10
Tell me more about this policy. They still fire here for defending yourself.,[27],edeks7g,27
Water is not a human rights. That's absurd.,[3],ee03iaf,3
Guys. I think OP blew burns in college and wants to feel better about it.,[3],ed70ijl,3
"Pretty good, but I would put the bishop on B4 so that the Knight will be in danger of the queen after taking the bishop.",[ 0 14],eenmvfw,0
The dog has a very confused look on his face lol.,[1 6],ee5j7ed,1
Theyre paid with taxes..... Do you think you're arguing against an anarchist? lol,[1 6],ee5qyea,1
"Right, [NAME] here - ""tooting"" = fart or follow through? ",[27],eedcavj,27
accept no substitutes,[4],efaifo2,4
And there’s no reason to drop the f bomb when giving an argument,[27],edwkbj8,27
"dude, that's [NAME] or [NAME]",[27],edrcpyq,27
"He sounds exactly like my type of dude looks wise, but woof. Nobody wants to be around someone that unstable. Glad you made it out alive.",[27],ef1og6l,27
"Yes. His name is [NAME]. He was good friends with [NAME] and used to make YouTube videos with [NAME], another rapper.",[27],eczk795,27
I love how he’s still smiling while being eaten,[18],edt8ypp,18
Me neither :/ devastating actually. As all his policies are. Terrible time for Ontario.,[27],eep7dvz,27
"On this blessed day, we are all KQLY.",[17],ef97qov,17
Surprisingly all of my family keep their toasters on the work top despite being [RELIGION]/Unionist ?,[26],ee6rrod,26
Can’t wait to try this out,[13],eddhg5e,13
Only time anyone hears of Antifa is when you guys bring it up.,[27],efd94ph,27
Being ugly and confident does not mean you'll do well in dating. You'll just try more.,[20],ee1e74y,20
Common sence isnt that common any more,[ 3 27],ef6v865,3
Well I guess Blazers lose cause they're down? :(,[27],eda3v3h,27
"Take an updoot for making me smirk and smile. It might be immature, but it's hilarious.",[ 1 17],ef3engl,1
"Yes, is there any way we can do this? Cos fuck that POS.",[2],ed19pms,2
Which part do you not understand?,[6],ef8n43f,6
That was his scripted job. Fake.,[10],eem83lp,10
"This is honestly hilarious and will remain hilarious.... dare I say, forever!? Well done [NAME].",[0 1],ed6d8v4,0
They love to prey on women that have just given birth. It’s so disgusting!,[11 18],edl9ofa,11
Slightly too pissed off with this comment to merely downvote. Not angry enough to begin tirade. Lunchbreak ruined.,[3],eem0bpa,3
"Everyone seems to forget how much he sucked as a quarterback, there’s a reason he was un drafted",[10],eemh51q,10
Because then if the wife gets pregnant it becomes difficult to find out which husband she is pregnant with,[6],eczy616,6
I miss [NAME] butt.,[ 9 25],eetj3i7,9
The Dude looks great. I always get worried when I see [NAME] play these haggard characters. But he's just that good.,[0],edfxzut,0
Omg I'm so dumb I didn't even think of it like that.,[9],ef8ccui,9
It literally just happened. I'll talk to them when I get a chance but my heart dropped for sure.,[19 27],ee0jiv9,19
I'M AN ADULT!!!,[27],edc7wjq,27
I REALLY MISS GRIFFIN REINHART,[9],eer56j3,9
"Imagine if [NAME] wins the power and uses it at the noms, not realizing [NAME] wasn't even planning on nominating her lol",[1],efacm5a,1
Where the fuck is that Kepner rocks person when we need them the most.,[2],eewku99,2
It was only that one writer on Twitter really.,[27],edo4dsv,27
[NAME] had a great idea about this problem actually,[0],efax8pt,0
"Ah the classic ""I don't deserve you"" argument.",[3],edh84wb,3
Well I mean this game is so stupid in a lot of ways tbh,[ 9 11],ed2tf3x,9
> Asks for example of racists wearing MAGA hats > Denies that racists wearing the hat are in fact racist,[27],eergqsp,27
Don't worry about it.,[5],ee22k2y,5
"As a [NAME], I would like to extend an apology to anyone freezing in the polar vortex. ",[25],efc0gow,25
Hell yeah buddy things are looking up.,[ 3 27],eezm4xh,3
I didn't mean the entire show is shit. I meant that season 4 was a shitshow.,[10],eewajpg,10
This made me smile. I watched it on YouTube.,[17],eexx21p,17
"Accidentally clip through a bathroom wall, get slapped",[25 27],ef6wc2e,25
I can't believe [NAME] is considered an mua and he can find match his foundation lmao,[26],ed0hj7u,26
"Also curious. But as someone who lives in northern Ontario, this is pretty accurate",[7],ee0nob3,7
Thank you for the solid advice 👍 I’ve had about a year of creative highs so maybe my brain just needs a break,[15],ee5bykm,15
"No its not, a AGM can do damage in excess of 15m$.",[10 27],eemfawi,10
Is there an accepted definition of when one fart ends and the next one begins?,[27],ee23bi1,27
I feel like I'm watching a scene in an action movie but with penguins,[26],edidhkj,26
Latest buzzfeed article.... 10 ways you’re a moron if you think we’re credible.,[27],eeeoz9j,27
Real life Troll doll,[27],edqjdel,27
"I waited 15 days for this joke, I'm so proud of this community.",[21],eerhx1d,21
No amnesiac was my friend.,[27],edve0ht,27
So happy for [NAME]. So sad he's not here. Imagine this team with [NAME] instead of [NAME]. Ugh.,[17 25],ee9zjio,17
Explaining the whole thing i wouldnt have the heart to physically or mebtally hurt a person such as raping someone,[10],ed931i6,10
he didnt miss that,[27],eecin0z,27
##**IN THE MIDDLE OF OUR NEIGHBORHOOD**,[27],ed8iq0a,27
This one is cute,[0],efg0ub1,0
This isn’t even them not getting it. They just misread it as a whole! Why bro lmao,[1],eeifdec,1
"Got boarded, ejected, and ship damaged... very poor tactic.",[11],ee8to3i,11
"It's not murder if he wants to die, it's euthanasia. She doesn't necessarily have to be the one to do it. ",[22],edxd5ih,22
Stick to smoking and snorting! Nobody OD's from doing a line of fentanyl. /s,[27],eehdpbc,27
Thank you.,[15],ee1mhjo,15
Maybe you don't know that other parents are staying because you're not there?,[6],edl738z,6
"That would be really great, but good luck.",[ 5 20],ediqg42,5
"Sure, but he still died again a couple of years (decades?) later. So the copyright is still up.",[4],eebiep2,4
This is why you should only ever do incremental payments based in the work done.,[5],ef9nheb,5
Walk among us a classic!,[27],eew6qkv,27
38 yrs. It was worth it though.,[27],efdzv4w,27
That was the only place I saw and their pictures looked horrible. Might just have to go to the source and vacation in southern Asia,[14 22],ed6jom4,14
It’s common in business but it’s nice to see an organization have respect like that (unlike the Stars owner).,[4],eedzr38,4
100% this is enough to make me want to watch,[4],ee7zzva,4
"I got the unblinking eye, the one with the ribs in the dead eye slot, and the one with the hat takes a headshot",[27],ee6euz8,27
"Yes but did you see how bad his reaction was, he was about to crash with her and make it worst, just back up 💨 ",[27],eeea8wt,27
The number of songs I've written that no one will hear. I've been working on some for 8+ years.,[27],eerp2ah,27
I'm so happy this post blew up because this is so true,[17],eec1oyk,17
"True, but it'll happen sooner than a constitutional amendment will.",[20],edefxlz,20
It's not a murder or a cringe. Just seems like two friends joking around.,[17],edjichb,17
Be adult Pay taxes to govt Be deemed incompetent by people with different views Feels bad,[25],ef83wkk,25
So THATS why the sheep followed that pig in that Babe movie...,[27],eez9h34,27
"Ah okay, I'm sorry lol, I'm dumb. Thanks for your response.",[15],eejaah7,15
Like thanks for your valuable input?,[15],ef60gd0,15
"I don't know what they say about fools and their money, but I'll gladly pay you to find out ",[17],eeesars,17
"Your hamstering is beyond entertaining. There are tons of posts, but you can't find any?",[1],edlaylr,1
"That lil cat, I want it!",[8],edsye6w,8
We gotta keep our hopes up sometime.,[20],edblxcp,20
Well they do say they love kids just helping create more,[27],ed966p4,27
One of my favorite films. I got to see a screening with a live soundtrack conducted by [NAME]. There were tears in my eyes!,[18],edvkcxv,18
The mom looks like my great aunt when she was younger.,[0],eefsv04,0
"Ah, the good old days where you could lose in a game! Yes!",[4],eekx2q0,4
I told them I’m not ETFSEC so they cancelled the call :(,[27],eczrfx4,27
"A related book for the more nerdy types is [NAME] Burnout Society. Thanks for the share, it was well worth the long read.",[15],edbvliu,15
It's not even that... just string in the water.,[27],ee3axkv,27
"Except for ""fighting liberalism"". Happy cake day.",[17],ee4yzfu,17
Wish they'd update Trapper's and Wraith's. They're so boring.,[9],ef4jl0a,9
oh for fuck sake [NAME],[27],ee0wqmf,27
I left her off because I tried to keep the list to people who were in a little earlier than her.,[27],ef55ljq,27
I don't even wear a shirt in the day around the house. Way too hot.,[3],eeoaxq2,3
That was beautiful.,[0],edp0fki,0
That’s a pretty great play mate. I applaud you.,[0],eeboclz,0
Lmao that’s actually pretty good.,[0 1],ee0dd6k,0
With a lot of severe brain damage after being beat back to life with an ugly stick.,[25],effffov,25
"Definitely, too bad [NAME] is taking it as an attack on her when it’s really an attack on [NAME] and his behavior. ",[27],ee4om4x,27
bigot /ˈbɪɡət/ noun a person who is intolerant towards those holding different opinions.,[27],edgz5d6,27
"OC, my friend...They May circle back. [NAME] will have complete control in TB. ",[27],edo77wp,27
"You gotta block the name out, sweets.",[9],edyt58s,9
"Have a good one, mate. I wish you all the loves. Here, a potcoin for you.",[8],eczdx1e,8
"I know right, im pre everything but sometimes i paint my nails and people will tell me how much they look like a womands hands.",[4],eek1jki,4
Hey /r/Hockey Bro! Sorry about the Sens. At least this made you smile in the dark times.,[24],ediot6x,24
Really? Some of my posts/comments have been visited by bots How do I kill them?,[6],eelts0x,6
Abortion. emails. BENGHAZI! red cups Happy Holidays,[17],ed11wwh,17
My last name is 4 letters. It's a common English word. It still gets mispronounced and misspelled constantly.,[27],eehho67,27
"You can thank [NAME] for that. He wouldn't commit to taking [NAME]. He wanted to play for [NAME]. He shunned uncertainty, not the Jets.",[ 4 15],edqbrtz,4
"Oh, boo fuckety hoo. Let me play a sad song for you on the world's smallest violin.",[27],ed2c5z3,27
> spending money I think you meant earning. Or they actually spent the money on the way home lol.,[1],eeq5ijw,1
This post gave me incredible anxiety until I saw the back tires rolling sideways which was amazing.,[ 0 13],ed39nre,0
"[NAME]. Please, [NAME]. ",[8],eeyksuk,8
It's Shrimpy ( I'm pretty happy with it and the telegram is decently active too,[0],effazmg,0
The pool is closed.,[27],efgbsvb,27
Ours go insides and zones random isles.,[27],edz9hxq,27
"To be honest, I have complete sympathy for this woman and she needs help, not prison. ",[4 5],edwyul2,4
Oh hey that's pretty cool!,[13],ee2iyp3,13
"What does it say about society when ""there just a bunch of dumb kids"" see things clearer than the adults? Kudos to the kids.",[27],eeveosd,27
it really sucks how absolutely fucked some of us got genetically in the chest department,[2],edx9130,2
>a fun activity!!! At no point in my TBM life would I have found that fun or worthy of even one exclamation.,[17],ee04l6a,17
Probably fake. In most situations Siri will tend to avoid words like penis and hope you're saying pianist,[20],ed7ue4k,20
"Oh my [NAME], is this the new transphobia specific ""Post Hog""? Because it really should be.",[ 7 26],eevsc0g,7
So glad to hear they got banned. Can't believe adults can still behave like that.,[26],edcwmjc,26
i didn't figure 3 or 5 hours would break us up,[27],efavj4u,27
NBA is like Westworld only completely opposite. Every time you act like your true self you get a T lol,[1],edf41gg,1
"Um, no, it wouldn't be days before anyone looked for a missing kid. Hours maybe. Not days.",[10],eeir011,10
I think the mushroom photos are a joke about his penis.......,[1],edi8ffi,1
The Imperial is the best gay bar in Sydney. PERIOD.,[4],edrrrp5,4
My parents are super progressive about who I date.,[7],ee0xnzf,7
Weird way to spell Voldo.,[3],edngx7f,3
"Everytime? So 3 times a day you rewatch the bloopers and deleted scenes? How often do you repeat, probably weekly?",[7],eduuhyy,7
"I was shocked. They were talking earlier on the news about her losing by less than 100 being a victory, of sorts.",[26],ee58w79,26
Man from Czech Republic can't understand why a name common in his neck of the woods is not so common elsewhere.,[ 6 27],eerctju,6
"Ah ok, good to know thank you much!",[15],eeu08lg,15
So much blasphemy... This place is not even [RELIGION]. You literally deny scripture to fit a Reddit agenda.,[27],eeq1mgy,27
>How do you know I didn't Because you posted this dumbass post. And only someone who didn't would say that,[2],efa51vh,2
"Fucking monophanie looking ass floating with the dead, nice.",[2 3],ed8r9yv,2
I'm surprised no one's talking about the guy in the picture. What a thrussy!,[26],ee2yeeo,26
"Safe rooms and hidden passages, I hope.",[20],ed5qllo,20
I'm sorry for you... That sounds not cool :'(,[25],edhgkjp,25
"Their faces tho, LOL",[1],eeybe8r,1
Omg yes feels like being new born.,[ 4 13 26],edpzavx,4
This WILL work for you [NAME]!! I have hope for you bro!!,[20],eet8jtm,20
Mexicare for All.,[27],ee362ew,27
They only want excuses to run the clock down towards no-deal.,[27],ef6xnvk,27
"TD: ""You cant just call everyone you dislike a nazi!"" Also TD:",[ 3 27],eeq3zkj,3
"This is the sad truth for the exact reason he mentioned, they want a short fix to avoid doing this type of hard work.",[25],edoxe00,25
"My mother was missing a left leg and my wife was missing a right leg, now they will be able to walk normally",[27],efeobu3,27
And then thigh high socks in addition?,[7],ee4ogpb,7
Same. But the 21 point lead drew me in.......who knew you can lose by double digits leading by that much.,[9],edotrhv,9
Someone who evidently doesn’t really know much about football or doesn’t do a simple google search before posting.,[ 3 10],eds6fgw,3
"There is no enemy. Only knowledge that there is an invisible social hierarchy and we aint on it, let alone at the top.",[22],ef87dv3,22
🤣🤣🤣🤣 I’m sorry for your misfortune but it’s still funny too.,[ 1 25],ed9bmag,1
>like it's a bannable offense A Singed man has actually been ~~banned~~ threatened by Riot for going support with smite and counter-jungling the opponent jungler.,[27],ee1xlsv,27
Why did you agree to it... Lol... I'd understand if it was kindergarten kids who agreed to some rules and later decided to change their minds...,[1 7],eeohs9k,1
Coloradon't is hilarious. I also thought of Rocky Mountain Lowpoint or Rocky Mountain Loser.,[27],edm2adg,27
"As long as I can see my abs in the morning without trying too hard. Once I lose them, it's time to cut",[27],ee7fxr7,27
If you wanna know how rappers rape ask [NAME],[27],ef0kwok,27
Also it looks like this person might have a mustache. They look like they shaved their upper lip kind of mustache. I'm very confused.,[6],edks88q,6
Okay thanks. I'll see if I can find out how to do that.,[15],ef2teby,15
"Because I felt like it, just as you felt like announcing you basic grooming while trying to be insulting. 🙄😏🤷‍♀️",[3],eejhrdw,3
Love the guy complaining the panel is stacked against the rich what with all the high tax rhetoric. *The WORLD is stacked against the rest of us.*,[18],effgmrh,18
They REALLY dropped the ball by not playing [NAME] singing Sussidio,[27],edo8iv0,27
This gave me PTSD,[27],eeayz78,27
THANK YOU [NAME],[15],eetfbrg,15
I like it! I think the ideas of [NAME] can go a long way. I wish you the best of luck :),[20],eenvue6,20
I'm late to the party but she looks like she could get up!!,[4],ed49v5q,4
I believe if he did (and she didn’t) then he SHOULD be in even more trouble. They can easily fact check that.,[4],edripha,4
You think 60% is shafting anyone? I think Tellius is sub 20%.,[6],eeqeja9,6
Finally got this in the mail today. I'm pretty excited. My favorite ballplayer.,[13 17],edllud3,13
It’s disgusting,[11],ed12jnn,11
Oh my [NAME] how did I miss that😂,[ 7 22],efb13nn,7
"Anytime someone says “Sorry, English is my second language,” I already know I’m in for a well written post.",[27],eevh35w,27
RNG gear is a solid no from me.,[10],eecssg7,10
I got the exact same message from tati yesterday ! She said on her twitter that it's definitely a scam,[ 4 27],eeohwnd,4
"Bro, this is not what this sub is for.",[10 27],ed9f9ls,10
If men were that aggressive we’d be arrested and then slammed publicly and socially. Lives ruined for a moment of drunken stupor.,[2],efax5oh,2
Etiquette Try to keep a positive attitude.,[27],ed9jerd,27
[NAME] has an amazing track record. I think some people forget how innovative and unpredictable the [NAME] era offense was.,[0],edtsmqe,0
>69xxWidowmakerxx69,[27],ef7zx05,27
He looks like bob saget,[27],ef9c9n9,27
Everyone knows a Sith would be called [NAME]. What a terrible fan of the franchise that poser is.,[ 4 11],ed9e3dr,4
It doesn’t surprise me given that this is the kind of establishment where staff rape the coma patients.,[11],ed9sskp,11
She is beauty she is grace she just just grinded the ground with her face.,[0],eeprzgk,0
Why was this post removed? It wasn't even bad.,[3],ediuytq,3
You're not wrong,[4],eequhjm,4
“There it is!- look for somewhere to park!” -ravers upon seeing the bridge every weekend in the 90’s RIP that bridge,[27],eesuwv8,27
[NAME]. growing some ladyburn1974 as part of my first grow. thank you!,[ 0 15],ed3ea0s,0
"She also spoke out quite angrily about ""Obamacare"" until she needed it due to her high risk pregnancy. She's remarkably hypocritical.",[3],ed7p2gh,3
The thought that the armed forces of the US unironically use it is hilarious.,[1],eerzxfz,1
Ok thanks for your help!,[15],edepcm0,15
weird. i went 3/3 earlier.,[27],eerag06,27
Stop arguing with people.,[10],edbo037,10
"The last Pope that did that ""stepped"" down and was replaced.",[27],eeqa4tt,27
We’re honouring good King Billy. That’s also how we decided which [NAME] brother to buy.,[0 4],edwg9uu,0
oppressed by nature!,[3],eegwkhb,3
I would really love to hear you expound on your idea of “truth”.,[18],edgubu5,18
0 <----- This is how many people were surprised,[26],eemz0lh,26
The jackets that we have so many people wore so they’re musty as hell,[11 27],eeztoed,11
"That book would be the biggest flop, the characters and plot are really too outrageous to be believable.",[3],eebwvqb,3
Totally understand and love this.,[ 0 18],ef98yii,0
"Well shit, if all you gorgeous people haven’t settled down yet, there’s no hope for me",[3],eda780f,3
Dr [NAME] is so adorable. I just want to give him a hug then ask him to make a diet for me.,[0],ee8u84z,0
"Thank [NAME] , surprising he doesn't want the mets deal",[15 26],edq79xi,15
"Forthwith this group will remain unnamed, verily so that we might avoid bringing ire upon ourselves for a simple observation.",[20],ees74p2,20
Poor kid. He just wanted to rescue his mum from a nefarious organisation. I hope he gets decent representation.,[20],edyiran,20
I think the downvotes are coming from Mavs lurkers who are pissed we didn’t give them [NAME] unprotected first,[27],ee5uy57,27
Lets make a new reddit. Everything here is a repost anyways. r/conspiracy is the most fun though. Lets start from scratch.,[1],eetph7f,1
I laughed at this 4 years ago.,[1],ef6ny21,1
Get out asap.,[2],edsb9k5,2
"Ah, she's assuming none are women. We won't really know unless we ask, right?",[27],efcx01d,27
They follow me when I water the plant pots.,[27],ede38lo,27
or a horrible night of 15/4/4,[14],edyqys1,14
"doesn't count shield damage, maybe you also need a bit of healing on allies... so either go supports or khan/moji",[27],edha4xy,27
"He told you to handle it, you did. If he doesn't like it, he should've taken care of it.",[3],edjz1ny,3
Benzos do not help anxiety long term. they make it worse,[11],ee2w7cg,11
Everyone's job is tough so why not treat everyone with respect?,[22],eepcocv,22
"Oh god dammit I've been bamboozled, I fell for the b8",[3 9],eeew3h1,3
"I had thought about Millport but not the rest, great idea thanks 😁",[15],ee3zsfv,15
Yes of course and I catch a lot of it. I just didn’t realize this was about that!,[ 4 22],edkoqqo,4
"no worries, just clean your room",[5],ef0w4pt,5
I hate when people Beijing a gun. Even worse when they Shanghai one.,[2],edl67y4,2
Yes it would be a poorly thought out plan... involving alcohol... never heard of one of those.,[10],efexrm0,10
"Same with [NAME], she’s simply stunning at any age. ",[0],ee3f5km,0
I've found [NAME] are more weirdly religious about their hockey for some reason. Maybe it's confirmation bias.,[27],eexmx5m,27
Why is it that young girls seem to idolise serial killers? I had a friend like this and never understood the attraction. It's scary,[ 6  7 14],ef2sdo1,6
[NAME] is legit! Loving this move.,[18],eev07fq,18
I’m sorry for your loss op,[24],edcjks9,24
[NAME] is a guest speaker in one of my classes this semester. Can’t wait.,[13],ee4q0yy,13
"That does help a bit, thanks.",[15],eezbune,15
1. Be handsome. 2. Be attractive. 3. Don't be unattractive,[27],ef3rw01,27
Funny.. I mean real funny looking.,[1],eed5bc1,1
Nobody expects you to finish the 10 string.,[27],ed6jo3q,27
Is there a subreddit that makes fun of SJWs?,[7],ee5uj60,7
"Other dude is right, OP and [NAME] comment got me masturbating",[4],edm0yaj,4
"I’m sorry. But, keep your respectability politics to yourself",[24],eeki3gc,24
"Nah, only [NAME] are cool for being bilingual.",[4],ef26hww,4
I LOVE this.,[18],ef85yhr,18
no taxes if you follow the strict scheme of a handgift. don't forget the thank you letter after.,[15],ef63d3k,15
fucking seriously.,[2],ed0kdga,2
Honestly took me by surprised. Good job!,[ 0 26],edl1whw,0
"Would know, have a weeb friend, he’s wicked into lolis",[27],ef8uhbc,27
"Lol, ..probably not. But then again, i never wanted to know what blue waffles were and somehow i do. ",[1],edfad2k,1
She’s fab but the reflection of that guy in the window got me curious tho,[7],eeh1nrs,7
): hope the goose is okay ):!,[ 5 20],edhh5yt,5
Also you forget to say how it triggers an Id check which only a assistant can circumvent,[27],edzyq1h,27
"Yeah I’m going to need to see more of him.😍, thank you ",[15],ed73jwu,15
You can only have such preposterously high rates if your tax code contains legal ways to evade taxes (e.g. deducting depreciation on loans).,[27],eeglbel,27
[NAME] forgot leg day,[27],ed7badt,27
"That’s kind of what makes the “guest” response funny, how did it get there?",[ 1  6  7 17],edzsz2s,1
I'll be rather upset if he scores against us,[ 3 20],eeu5a69,3
"This guy is bigger than [NAME], maybe. But I've never heard of him.",[27],ed6pvm9,27
I haven’t scrolled it down yet. I thought it was a woman then I saw the name.,[6],eewd5ki,6
Man I love reddit.,[18],eeibobj,18
"I have, and now that you mention it, I think that's what triggered my nostalgia. ",[27],ed9w1hm,27
"I'm a sexworker and trust me, plenty of us love our jobs an our work.",[ 4 18],efds1wk,4
"Pretty dangerous for women, too. 40% of cops are domestic abusers. Stay safe. ",[5],ee3lha6,5
"More rudeness, misogyny and sexism from [NAME]. If it wasn't so predictable it would be upsetting. [NAME]. ",[9],ed65irv,9
Cruelty free for animals anyway. 🤦,[4],ed62r32,4
"> the heartbreak of a nice older truck being ruined Lol, the truck was new when this video was made.",[1],eder5zr,1
As a bi bro; I have the exact same question,[27],edh16af,27
Unless I have to see if they look as stupid as their driving makes me think they are. Then I pull right up and stare.,[27],eda0ir1,27
Oh no my jimmies are so rustled! Please desist your relentless banter!,[9],ee7l79y,9
They'd be a 16 year old stoner or 61.,[27],eew1n4s,27
Love the username.,[18],ee6afk2,18
"all 10’s left tbh hoping for a clarity win, we found love second, rather be third, and titanium fourth",[20 27],ef4n2o4,20
Whatever happened to the three body movie?,[27],efgof63,27
Simply amazing.,[0],edblvze,0
Was getting ready to comment about this one. Was really surprised how much I liked it but can see why it’s not for everyone,[ 4 26],ed85b6p,4
I am seeing the insane clown posse there in two weeks and I have no idea how I am going to get home covered in faygo,[6],efak9pr,6
"Damn, I totally have used Dragon as my handle on certain dating apps before. Not sure how I feel about that now lol",[6],eel19ky,6
"As long as the minority aren't ""minorities"" I don't see the problem. /s",[27],eerx5b0,27
"Really wish people would slow down with this one. I wanna repost it for EZ karma, but it's almost always in my homepage",[8],eewma26,8
"Yea, it's not often our announcers admit multiple times we should have got a PP.",[27],eeta6hh,27
"4 lives essentially, its insane",[3],ef1u8dh,3
Females would be pressured the other way obviously,[3],edbvtyw,3
She raided [NAME] closet.,[27],edfpeh9,27
now youre literally just spouting talking points. its almost like youre just here to promote a political party.,[27],edj6i2v,27
Not complain. She could not complain since she made no effort in the beginning.,[ 3 10],ee1wyf1,3
This is a really lovely ends to a crappy means. I’m glad you enjoyed yourself and got something out of it.,[17],ee7e6qh,17
"I never believe draft rumors of who teams are looking at or wanting, especially if its fan rumors. ",[10],ed5kia8,10
"I think that's more a matter of character's personalities, I think, more than development. But for the rest, I agree. ",[4],effg6bp,4
"It shouldn't be, I feel like that's happened to us many times! ",[10],ed639gq,10
YA KNOW WE TALKED ABOUT THAT JEEEM,[27],eeniszi,27
If you think he's working 2400 times harder than an average minimum wage worker then there's something severely wrong with your world view.,[10],edzacs2,10
Then you're awfully worked up over people seeing the world differently,[27],eeay1aw,27
Was it just me or when they showed the backboard camera did the hoop look like it had a surprised face?,[26],edwt74b,26
Sorry but this is too rad to be cringe for me. This is like if [NAME] was a general.,[25],ees3q3j,25
AND MY AXE!,[27],efdzxxq,27
Why is there a huge focus on the living room? The perspective confused me so much.,[6],edtp10x,6
No need to bully me.,[3],eeqpiu3,3
Free with a price of $600+ if you want full standard collection or maybe $300+ if you grind with no life. What a deal!,[13 17],edv3ty2,13
Way too fancy,[27],eec3gwk,27
Would you mind elaborate on your viewpoints?,[ 7 27],ef464sd,7
"Didn't you know, it's all about winning, nothing else matters",[ 4 22],efg28b5,4
"I like it, more please. ",[0],ee9nvvs,0
Go pursue that education. Let [NAME] wallow in her own sadness.,[25],ed9egjz,25
Death's sweet release.,[27],ed9pqqg,27
I don’t go out that way much but even [NAME] is killer if it’s slippy out.,[10],eeqxjvo,10
As a non-immunocompromised person I like their stance.,[0],eejgj4m,0
"""We're the greatest country on the earth!"" says not-Canada",[27],ed327us,27
"> [NAME] mother allegedly vandalized [NAME] grave, stating that she had ruined her son's life. No....",[2],eeqahzr,2
SHE DESERVES TO BE TRULY HAPPY. LEAVE HER [NAME].,[2],eeu7ifa,2
"Your voice is beautiful, the lyrics are beautiful, you’re beautiful, and I’m crying. AMAZING JOB",[0],edyxdl8,0
fuck atheist countries,[2],ed1qbx1,2
This is actually kinda funny,[1],efcxvx0,1
>Ordinary Men by [NAME] Thanks for the recommendation. Got it ordered on kindle from Amazon.,[15],eds3vyq,15
"Well, that's just a distraction for the color of your resume.",[27],eecqmza,27
Miss you...,[25],edwfc6l,25
Willpower. I have a lot of little compulsions I give into. Time to gain control over my day to day.,[20],edd8508,20
I am the same way. I feel your pain! Therapy and meds are helping me!,[4],efa5lei,4
Didn't mean to offend,[3 9],ed7a9qw,3
They should all be virgins until they're old enough to consent. Obviously this applies to both genders just like drinking laws.,[27],eds7vmw,27
Ironic considering the amount of brigading AnComs do on this sub,[27],ee7vnqx,27
I love having twins. They'll keep each other company in their room until about 7:30-8:00 every day. So nice.,[18],edwnw1l,18
I like your enthusiasm and yes it would be hilarious.,[1],eetkdhh,1
**I LOVE YOU!!!!** *[NAME] has unfollowed you.* ...oh.,[18],eevewr2,18
I’m guessing you don’t take bad news lightly. I’m sorry bud :/,[24],eczocm3,24
"This is the sort of chucklefuck who finds himself saying ""and there was nothing I could do"" after a mishap... often.",[22],ed0vclk,22
"After this conversation, he never found the answer and every day was the same, day in, day out.",[27],eff8tbo,27
Just like how one day a magic unicorn might appear and prove us all wrong about them not existing.,[12],eepe3me,12
Lots of vested interests coming up with money as well as type investor donations.,[27],eesxhou,27
Dude is gonna end up playing in his boxers one day lol,[ 1 20],edlkeiz,1
Tanks being strong is the reason why ADCs get buffed.,[0],edqq022,0
"Ah. Yea, the classic loner looking for compliments. Seems pretty edgy",[0],ed3sqoq,0
[NAME] missed it solely because they've moved from the Rookies vs Sophomores format.,[9],efbhr9e,9
I’d love some actual lore relating to OW as a whole not just slapping names on single characters once every 6 months,[18],ediundj,18
Yep. First Monday of 2019.,[13],edgzmuz,13
"Thanks, I'll resubmit",[15],ed379nu,15
You are correct. I was mistaken. My apologies. I appreciate the correction.,[ 0  4 24],efef91g,0
Luckily I don’t like beer so I don’t have to worry about that.. but my love for bread more than makes up for that!,[17],ed1ahje,17
I was hoping to hear this. I'm up for it I think. I'll download it tomorrow.,[ 8 20],eeqlfps,8
"At least if you don't have the body, you've got the sense of humour. So I can rule you out or is it a possibility lol",[1],ed7p6fl,1
Now you can.,[27],efe8n2p,27
This is doubtful...he just won with over 50 percent,[ 6 26],eeeinv7,6
"If by ""better"", you mean ""more fun"", then I'd go with the second one. <smile>",[ 4 27],ef8b1z0,4
"It was weird indeed, but I liked it too! (Maybe because I’m a musicals geek).",[18],eda0fd9,18
That first fall was clearly the universe trying to save her from losing her face.,[27],eeis3li,27
And I *can* physically drink over 12 beers in a sitting. And my cat *can* physically jump out of the open window if he wanted to. Sigh.,[27],ee16twd,27
Dude I have a verrrrry strong feeling the barber did that on purpose. Nowhere in the world is that an acceptable haircut. That’s fucked up,[2 9],eehba2o,2
someone woke up on the wrong side of the sleeping bag,[27],eduajdj,27
It’s 2019 dude chill out with the gender roles Edit: it’s 2019 I’m tired sorry,[9],eddkjlj,9
There was no Israel then dumbass!,[ 3 10],eei74wb,3
"Honestly, these are probably things you should have thought about before telling your husband you wanted to separate. ",[27],eeptrnl,27
I wonder if the formal letter from the psychiatrist will help if cops just decide to shoot her first :(,[26],edq5zue,26
Imagine my shock... but he does seem very representative of the left.,[ 7 26],eesksi3,7
I love your username.,[18],edlyvy1,18
I hope ish isn’t like [NAME] and is forever affected by this injury,[20 27],ee8r2f8,20
Yes. He’s a much better option than [NAME],[4],edpnqbw,4
"Yeah, I was like ""man I love [NAME] so much but [NAME] is also amazing and good""",[18],edstpg9,18
Livin life on the edge man,[27],eczwv6r,27
"Yeah I guess, still going to try to keep a log of my feelings as a way of venting them and getting them out of my head.",[4],ed0joep,4
"Ok that's why, I was so confused of why I saw two [NAME].",[6],edb9zcg,6
... Still laughed!,[17],eenkq2c,17
That sounds like a legitimate reason. However she still gave herself a reason to say [NAME] constantly...,[4],ee64rsw,4
Damn... that’s another thing I didn’t even think about it. Probably the biggest reason why people shouldn’t steal food,[11],ee6hipa,11
I can actually read it easily now. Good work,[0],ee6evff,0
Cant you tell how sad she is from her face?,[25],edm92vo,25
"OP, this is the definition of manipulation. Ignore it, I promise it’ll be better for you in the long run. ",[4],edrexse,4
This chick is a lunatic now,[3],eegktu3,3
I will pray that she (or whoever may be pressuring her into making this decision) will have a change of heart and spare the baby's life.,[8],eeqoq65,8
Ugh there is no escape...,[27],ee7us6q,27
"Personally, I think WebOS was the best until HP beat it to death. I loved my Palm Pre.",[ 0 18],edl6fsf,0
"I used to live in Brule,about an hour east of Jasper. Look into the black cat ranch!",[27],ef7br7c,27
Why!? I just don’t understand why? Somebody tell me why?,[6],eeabhw4,6
yeah u can have them both!,[27],ee5hdu8,27
Thank you for this!,[15],ef07bjw,15
Australia... Nooooooooooo!,[10],efcm05v,10
persistence that is working perfectly fine...thanks to backup scripts lol,[ 0 15],ee1tlj4,0
"Yeah, 16 yearolds being attracted to other 16 yearolds sure is creepy... ",[11],eec86tx,11
what are you even talking about,[27],ed9v9tp,27
"You're trying to come off smart, but failed. ",[27],ed1r3w5,27
Muzzle control.,[27],edfoj99,27
Schoolboy Q. - that part That [NAME] feature is intense :D,[27],eeypnal,27
I wish I could be half as cool as that guy,[20],eeiu284,20
What was the fastest you were ever going over the speed limit when you got it dismissed? I’m most likely going to go with Sullo also,[7],edk7qw6,7
Not guarantee. Only increased risk with time.,[10],edsgkag,10
Is it though? All the highschoolers I knew were too broke to be using juuls. Everyone had a suorin and the only ones with juuls were drug dealers.,[12 27],efgfg8w,12
What was the wooosh,[27],edo1g06,27
"Well Happy Birthday from another random stranger on the internet. I spent my birthday mostly alone too, hope your day wasn’t too bad. 💙",[20 25],eer83ny,20
I mean she’s barely into college so she’s only maybe 18-20 but to be this oblivious is pretty sad.,[25],edj4a0d,25
">Is this battle the fate of the galaxy or not? If nobody else cares, why should we? Nailed it.",[27],edfryms,27
Just so you know the reason opponents were few in the 2018 election is because the opposition boycotted,[22],eeyjb93,22
Insipid shite so far. We look mid-table.,[3],efaizp3,3
My mum had this. I got to pick things I wanted from inside and we’d make them together. :) nice memories.,[0],eepsf4w,0
"u/dances-with-corgis Says they'll never forget their username. Literally forgot their username. Sorry, but: 😂😂😂😂, that's some [NAME] level tiny mess up.",[1],eeohwow,1
You’re so right. I’m just overthink it. But do you think it’s better in person or text?,[4],edrk9p0,4
"Work like always, but grind that ironman on osrs in the meantime",[20],eet0zmb,20
You beat me to this joke.,[27],eet0t1g,27
"Yeah, it basically gives us carte blanche to challenge every single gun law, lol. [NAME].",[1],eepilex,1
I think that you might just need to wait a little for the right significant other to show up,[4],ef697ud,4
Implying you didn’t cry over [NAME],[27],eelm9ca,27
"Now let’s go [NAME], beat PHI so the Saints can knock the Rams out next week",[27],edysces,27
"Wow, that's quite a depressing article. I agree with points being made, but slow down with the doom and gloom.",[4],ee3y9pr,4
>cumpoo Now wait a minute..,[27],eei33tl,27
Doesn’t have those thick eyebrows though lol,[1],educm7h,1
I’m sorry on behalf of all the idiot guys. They didn’t take my class. How Not to be Creepy 101.,[24],ee6fvcu,24
What do you do for work?,[7],eetvhxo,7
Thanks so much!!!,[15],ed741lh,15
They just did. Check out the sticky post.,[27],efdml8o,27
"Damn it, why can’t I give this multiple upvotes?! Sending love for this from the US.",[18],edvka97,18
I wake up and think I have to go to school and then realize I've graduated and I'm going to work,[22],eeckby6,22
Especially if you're looking for the Linux or Mac versions (which exist for a large portion of Steam games).,[27],eeuty85,27
u/TheQTVain praying for your little fighter. Hope everything goes well and he comes out in good health. Stay strong and let [NAME] do his thing ❤️,[20],ed1kgx2,20
If that mask could talk it would beg someone to end it's suffering.,[25],eexubdp,25
"Nowadays I get nervous watching Steelers defense. Back then, I couldn't wait to see what they'd do next.",[19],eeddpmt,19
"Wait, Mario Odyssey? I love that game, but isn't it a little old to be in the top 10?",[0 7],ed5oykh,0
Do you agree that voter literacy exams and grandfather clause in post civil war USA were de jure racial-blind but de facto racist?,[27],eff4pya,27
...do you know who owns the Metro? E: It's wholey owned by the Daily Mail Group,[ 7 27],eel5t60,7
Thankyou!!!!!,[15],eegl38f,15
"I mean, this very post is climate change denial related, which has zero to do with the second amendment, so I don't get your point ",[10],efe5bbd,10
i'm guessing there is no dvd plan in the UK,[27],eej96k1,27
I never said it was irrelevant. I am trying to add on to what the OP had said for potential savings.,[10 27],edo5das,10
"Sorry I am foreign, and might have come across wrong. Anyways it has to happen at some stage?",[24],edz7072,24
Still an ad hominem and not a legitimate argument or counterpoint :),[3],eejbp2v,3
bahaha! Love it! These additions are pretty *sweet*! Glucose Guardian has the best ring to it though! 💲💸,[18],ef4756f,18
and how much time did it take?,[7],eeb1t95,7
You have to be a patron for that.,[27],eec4y64,27
My entire body aches now,[25],eew4z75,25
">not a cure-all. Since we don't have such a thing, is this not the next best option?",[10],eecpk36,10
I prefer HOWDY MISTER,[4 8],eff5oev,4
"Yup! Was a great shoot, can't wait for the video to debut so people can enjoy all the hard work. ",[ 0 13],edya38s,0
Self serving cowards.,[3],effva0p,3
You're clueless if you think you and even 50 other people would protect you against outsiders without the implied threat of the US military being involved.,[27],eee5nne,27
This joke made me want to walk right out of the Dumbledoor.,[1],edh62x7,1
[NAME] woulda been better smh,[4],eev2vq4,4
You realize I hate trump right? You’re super annoying I’m not dealing with this,[ 3 22],ee2782l,3
I know many bf who would be excited for that,[13],edz1gcf,13
Hmm ... Vancouver is not on the list? that's interesting ...,[13],edg13ui,13
"Are you [NAME]? Haha Kidding but shouldn’t feel that way, you tried it and now try to look for something that will keep you going. ",[1 5],ee0mmm7,1
Isn't this the plot of the show YOU on netflix? Be careful lmao.,[5 7],eeuv5iu,5
"Yes but iy also makes complete sense that morty woild want it gone too, so i hate how he instantly assumes it was rick",[2],ed7z0c6,2
Oh good one. It’s insane to think the last three mvps were once on one team,[ 0 26],eeklgq1,0
That’s so wholesome.,[ 4 27],edmgbnh,4
I’ll never be able to unsee this.,[27],ee3fd5t,27
Stinks because ive been in this program for a year with no pay.....back to the drawing board.,[27],ee8l4iv,27
It’s like. They didn’t even try to catch her lmao,[27],eff5cy0,27
Lol love that [NAME] and [NAME] are both [NAME]. And [NAME] as [NAME] is best choice. Should have brought puddy in though. Hah,[1],ee2iuym,1
look more 4th grade comments. sorry you're a child who has no brain. I bet your mother wishes she had a child who lived.,[ 8 25],ed8sn4l,8
"Amazing, I would also be deeply in love. So happy for you Hun. Enjoy every bit💕💕",[ 0 17 20],eddrnb8,0
"Shoot, darn. You win again!",[27],eeu6ut2,27
I am scared that I would lose potential study time by seeing him. And worse if I end up liking him too much... :(,[14],eet0225,14
Then let's go scythe and HAMMER!!! I've actually wanted scythe and hammer for the longest too,[8],edy6wty,8
I think they're doing it so they can ignore the fact that [NAME] served [NAME] to champions at the White House lol,[1],ee6wi3u,1
Just life.. I feel like i'm just a parasite that should be removed.,[12 25],eczb770,12
Really? I only remember the one in the movie (which did kinda weird me out),[6],ed5x12x,6
That's a weird answer.,[3],eebl6ee,3
That was a terrible pass regardless. Wasn’t close,[14],edcmilh,14
[NAME] is actually only 1 day older than [NAME],[27],efa6w0n,27
"That’s what the auto-shut off is, that thing that I said malfunctioned due to the extreme cold.",[27],efg82ja,27
You gotta make yourself happy when no one else does,[20],edixwr4,20
Lmao quality.,[27],edm52fx,27
She’s like a kewpie doll with them. Precious.,[0],eewq46z,0
I love how defeatist we've all become.,[18],ef4t4lb,18
The sub seems to be split. Im more a fan of the former,[27],efdvf3o,27
They were bad times.,[27],ee8v6or,27
Even more so. It would only make our prison (this world) even more diabolical.,[14],eely6n7,14
Its 100% copy paste.,[27],ednxudl,27
Haha! I love it. That’s exactly how it would go.,[ 1 18],ee7pary,1
"Yikes ... that's a bad one. Thanks, and good catch.",[ 0 15],edox4o2,0
Honestly i'm fine with any picture as long as it contains at least one dog,[4],ed7oo42,4
I remember hearing a story about this type of highway camaraderie once from a trucker who helped a woman escape a man... wonder if it was your mom,[26],educ3p8,26
"They're wrong, it was due to their natural wetland habitats being degraded & drying out. ",[10],eewrqkr,10
I call even my dog my love (in local language) as a way to be caring to others.,[18 27],ed0hzop,18
Fus Ro D..omg the sun is coming up,[13],ed11tpc,13
Beards are great for stimulating the lady parts.,[0],edk25ul,0
Hahaha thanks. I didnt notice the spelling dammit. Edited now.,[ 1 15 22],ee2pfwu,1
What does that do with having the buyer sign the title?,[27],ef4t1lp,27
"Or maybe just cross posting. Or even just saving the picture, reddit does have a handy feature for that. ",[27],eds6zfo,27
"“[NAME] make y'famous tonight, buddy!” 🤣 Anyway, no manger for him!",[27],eduiaap,27
Now if only America would do this,[20],eev7z0w,20
Thanks again!,[15],eeet1d7,15
That's got nothing to do with anything that's happened in this thread,[10],ee0e1o9,10
Oh thank you! I hadn’t even realized :D,[15],ee8pfu0,15
Speaker hitting that juul,[27],edsr9m3,27
Oh she dead,[25],eehpdlz,25
The poor car.,[25],edio52i,25
"Uhhhh, existed... Ever been to Arkansas? It’s boring as fuck.",[ 9 13],edndquc,9
"Nah dude, it's religious.",[27],edju1bs,27
[NAME] damn cummonists,[2 3],eel3p8b,2
I have no friends.,[25],ee74qtw,25
"Ugh I have to hope the god damn Leafs win tonight, what a world it is we're living in. ",[20],ediu2ym,20
Looking super dope!,[0],ee2r1hj,0
iRemindme 7 days,[27],eepu53e,27
Totally. I loved when she used air quotes for the word “fiancé.”,[18],eezoypj,18
Guess he should just go hungry then huh?,[27],edvzkuj,27
Am I dense or is that not funny either?,[6],edi483a,6
This is sheikh [NAME],[27],edadmo9,27
"After Ohtani, I can't bring myself to believe any of these unverified twitter rumors again.",[10],ef5d4hc,10
I'm asking if you didn't realize orthodoxy considers not Orthodox movements to be wrong. I'm asking if you didn't realize what the implications are,[3],ed55s9u,3
You mean [NAME]?,[27],ee9fd5m,27
"damn all you do is rate other people's submissions? worst reddit user ever, and I've been here nearly 11 years I should know",[7],ed69gt7,7
They are worth the time it takes to write them. Thank you for returning!,[15],efh2ogw,15
>an absolute cuck Only a cuck would use that unironically so yeah probably,[4],edfum1i,4
I didnt even recognize [NAME]!!!,[26],edevzk6,26
Two or three anti depressants before I told them a lie about how I tried my moms valium and it worked,[9],edelx9y,9
Oh sorry I didn’t realize that journalists weren’t actually autonomous humans that can think for themselves.,[24],ee4sa44,24
It is a slippery slope,[27],eey8nli,27
Everyone who is complicit in all this should be punished and questioned as to why they allowed this to happen. Complete disgrace!,[12],ee2h74j,12
Back to where it was.,[27],efbbhme,27
I like picking beans with grandma.,[18],eeglcvl,18
Everyone clapped too btw,[22],eef4a51,22
My mom said that I was an ingrate who didn't appreciate all the sacrifices she made to make me happy.,[27],edr0k2t,27
I’d pass unless he cost nothing of significance.,[20],ee6hl39,20
"Unfortunately later died from eating tainted meat. [NAME] BBC documentary 'dynasties' followed the marsh pride, the lion episode was awesome",[0],efbiug4,0
"Indeed! Oh [NAME], you are in for a horrible life...",[25],edhjuho,25
Haha this the best [NAME] answer to this question. Right to the point. <3,[1],eds4e9r,1
Well that's Kraaifontein .... Where the kids bite the dogs,[27],ee1jdrl,27
Yeah but it's fun lol. Hes banned a lot in NA also.,[1],eesyyws,1
"""[NAME] will be Turkey's Vietnam"" yeah, we saw how that went lol ",[1],edsjcjg,1
Haha its okay!,[1],efau7ry,1
You are very welcome. Happy growing. Keep in touch with your success.,[15],ed9f2sw,15
It's Incredible! So glad I could help with this! :D,[ 0 17],edsgar4,0
Np just passing it forward from another comment haha. Love the sudden silence in this video. Love the look on everyone’s faces.,[ 1 18],eeuwrtg,1
....it’s just raining on my face,[27],ed8wwqc,27
thanks a ton!,[15],ee9ibtm,15
"I'm from Buenos Aires, and I say kill 'em all!",[2],eeqlp8r,2
Once I saw the LV logo I then realized I’m not rich enough to even watch that video.,[22],edf6m39,22
Wow.,[26],eegqte6,26
[NAME] wants to know what you really mean.,[27],eeo6l66,27
Ha! I like that one.,[18],edruvzw,18
"I was afraid things would if we kept seeing each other, which is why I brought this up to her now rather than later. ",[14],ednyk0x,14
Thank [NAME] for your mother and her googling skills! Now if you have kids you know who allowed and welcome to be around them and who not.,[15],eeshts5,15
[NAME] bless [NAME],[5],ef20l9a,5
Never let a fact get in the way of a bad argument apparently.,[10],ed9wzwh,10
i dont know the system cause i never speak a word i have never had trouble with it i just wanna play the game,[27],efcjd1v,27
"Definitely accurate, lasted about a month total in a Disney “internship” program... was more like slavery. Terrible experience that ruined Disney for me",[14],eczocof,14
You'd think that's a simple game mode they'd have had from the start... I would have loved that.,[ 8 18],ee1hkro,8
"It was the most a receiver ever put on the Legion of Boom Seahawks though, so that's cool.",[0],eepvss1,0
Cute little jerk. How many times has that come out if my mouth!!,[18],eeo0tv0,18
Haha I can imagine! Good on you for doing it though.,[0 1],edlsyl0,0
I hate when people down vote to hell when someone has a different (yet valid) opinion,[3],efff5aj,3
That’s a pretty cool TIL,[0],edwbezv,0
second temple stood for 420 years r/trees /r/Judiasm crossover confirmed!!!!!,[27],eei8sjf,27
"Not practicing with the team, seems like a bad sign for playing today. ",[10],ee7iifb,10
"Yep, lack of proper coaching yet again. Sucks we missed out on [NAME]. ",[9],ee3gf3j,9
Women wear makeup to threaten other women. It has nothing to do with men. Same w all their weird mutilations.,[3],ednr6ed,3
I will go back to actually read the piece in its entirely but wow. Her gray is so pretty. I’m jealous,[0],ef1ho70,0
I'm appalled that your roommate straight up destroyed perfectly good leftovers that way,[2],edcc3yp,2
Glad to see [NAME] are finally admitting they are babies who are unable to take care of themselves.,[17],eekssyj,17
[NAME] is completely delusional. She’s in extreme denial and only hears and sees what she wants to.,[27],ef8deuo,27
Not a steal at all but thats about 100 times the amount he ever successfully defended,[27],eejpins,27
Both parents were drunk. Where were the small children? You helped her cheat and possibly contribute to child neglect. Awesome.,[ 2 25],edsxhhe,2
I've found that reading before bed helps my brain get tired without needing to exhaust myself by staying up very late.,[27],eei937o,27
"Looks like you brought a nice variety for her to try, hope she enjoyed it!",[20],eejndai,20
Your dad is awesome,[0],eeli19e,0
Genius. I'm so doing this,[0],eenxu8m,0
by [NAME],[27],eda0h0l,27
[NAME] and his supporters are the dumbest humans in the fucking galaxy. They should be locked up for their own safety.,[2],eey2vl0,2
Such a great movie that kinda gets overlooked.,[0],ed1nh28,0
I like how he called his mom asking if she was trying to contact him just so he could tell her what’s wrong,[ 0 18],eeeok3v,0
"Yeah, you're getting points. Bring your insurance documents as well just to save yourself the trip back. They will ask for them.",[5],eenngja,5
"Morals aren't tied to religiosity, nor the absence of it.",[27],eewz01k,27
The original Halloween movie is still the scariest film I have ever seen. Being chased by [NAME] in this game is terrifying.,[14],ed37yew,14
"Cheers man, will be taking it easy for sure. ",[4],eet00b8,4
"bro if you can't hold your pee for 30 min, you should go see a doctor",[5],efajqyv,5
How can [NAME] be so stupid?,[27],edinczy,27
"I def think [NAME] has a lot of upside still, but yeah just a bummer that he's no [NAME].",[27],ef7ob4z,27
"I love Subnautica. It's so, so terrifying but also beautiful and cool and I can wimp out and put it down any time. ",[0],eez1yz1,0
"I'd understand if it was because of his conduct, but because of money? We're the Yankees, what the fuck man",[2],ee0qre9,2
felt like that shot by palms was our first in a while,[4],edf8z2z,4
I’d rather give up masturbation. No time for it anyway when I work.,[22 27],edhnl03,22
Does he report it to the police? I didn't see that part. I believe him. Stranger things have happened.,[4],eewtgty,4
Oh definitely. When you work for the gov't you root for the party looking to expand it. Maybe that's how you'll get a raise right?,[4],ednf0ba,4
This post is bad because the only good phone is the Palm Pre 3 running webOS,[11],eevlu6o,11
"Are you implying that I can not determine guilt by seeing a person's skin color and tense smile, you fucking racist?",[2],eeqigk9,2
"Just gonna be mean here, those are all hideous :(",[11],ef0vd27,11
Thank you. I needed to hear all of this. I appreciate it.,[ 0  8 15],ef84xn7,0
Was he the only short guy you dated?,[27],ee4jrom,27
"Excuse me, I am a very polite roid monkey. ",[27],ef4q0jl,27
"Exactly, or they thought he was saying it jokingly. The delusion these men live with continues to amaze me",[26],edcugz4,26
"oh my, the edge. i bet he comes with a pre-selected punisher skull emblem. ",[27],eep0r81,27
Remind me about this on Tuesday and I'll have it looked into (the not being able to report part).,[27],eej4iuf,27
"By pushing misleading and false information, your agenda is dividing [NAME].",[ 3 27],ef765p9,3
I can’t wait to try the cleric class again!,[ 7 13],edc0kof,7
"Some wonderful pictures here, it's always cool to see what things actually looked like rather than just paintings/depictions in movies. ",[0],edng6yz,0
You are BOTH awful people.,[11],edw79la,11
"He ""dies"" shortly after the inn, from a wound caused by the fight he had there. [NAME] just walks away from him.",[27],ef2hq2o,27
"[NAME] isn't facilitating anything between South and North Korea. The only thing he can take credit for is no longer threatening ""fire and fury.""",[27],eespa30,27
"Maybe it needs to be ""Hall of Shame"" instead of a museum.",[10],ee3psor,10
And unfortunately there's no legal way for us to withhold our tax dollars to demonstrate the effect.,[27],efb5vw7,27
I like [NAME] but she fucking sucks right now for the all star game haha.,[1],ef2f15k,1
Expect the unexpected [NAME] funding secured.,[8],ee1idkl,8
"Thank you for your thoughtful, insight-filled post, which makes so many valid points.",[ 4 15],edtx20q,4
[NAME] I hope we get lucky again. Great job with the write up. I don’t follow college ball too much so this helps a ton.,[ 0  8 15],ed204us,0
I didn’t know it was gonna be that simple Forgive me [NAME] :D,[6],eeslrqn,6
It’s halftime so I turned it on LivePD and this is the first thing I see...,[27],edcnram,27
I’m chuckling at you referring to it as a little ho.,[1],ef51739,1
I'll continue to be dumb for supporting a company I like. Thanks for your input poor.,[15],edktfo7,15
"You don’t understand it because it’s insanely dumb, as the vid demonstrates.",[3],eetklcv,3
"the whole thing, it was just hard to describe/express given how it all happened and everything. ",[9],ee94n2z,9
Might relax you a little bit but definitely don't expect some amazing buzz from just 1 15mg pill. 15mg might feel like 5-7.5mg diazepam.,[23],ed1s7vh,23
Rumor says he failed the medical. Probably false but this is Arsenal anything can happen.,[20],efe0ro5,20
That sounds exactly like polos,[4],ef5pjqw,4
The jealousy is more akin to a little sister who doesn't like that her dad isn't giving her all the attention.,[27],ee6hs0y,27
"Your mindset is the right mindset, sadly, it's easier said than done.",[0],ed4s2p0,0
Started as regular when I was younger but has since developed into full on macro. The internet will do that to you.,[27],eemtsrw,27
Dudes karma is -99 lol,[1],edpo1rv,1
"Other than the Futurescope trilogy, it is pretty bland.",[27],edxtgba,27
Great job! Hats off to you.,[0],eeq7df0,0
Hey mister!,[27],efes9i9,27
We need an irbe so bad right now. I hope [NAME] is that guy,[ 8 27],eex2ntu,8
I don't need to have [NAME] as my husbando to love my mom,[27],eelpfh3,27
Thank you for that :) I'm not OP but I am really happy to read your comment.,[15 17],eevgkkp,15
"True dat, I lost hope a LONG time ago",[9],eeuddja,9
special for you my dude :),[5],edn7x0x,5
"I dunno man. I'll forever like [NAME], but slapping the hand of someone trying to help you up/see if you're alright is a big bitch move",[27],edoheff,27
[NAME] has a fun instagram,[17],eetjbwc,17
"Holy [NAME], our hope and handmaid of the [NAME], pray for us!",[15 20],ee8gvrn,15
Does 'unintentional humor' mean 'I sneered at this'?,[27],edweu97,27
I'm painfully aware of that having bought a FreeSync monitor with my Nvidia graphics card.,[25],ee76qpj,25
We're here but WE NEED TO BE UP HERE!!!!,[27],ee6dbjn,27
"[NAME] was my favorite. And I liked [NAME] her first season. They both suck now, so damn hard.",[10],edm6d8n,10
"What a crazy month that was, 15 months ago... Before it was resolved. ",[8],ef8eudv,8
"Welcome to the family! Don't let toxic fans, especially Twitter, get the best of you. Let's go canes!",[15],edjyjlx,15
sure but that doesn't change the fact that he's probably not a neccbeard,[27],efgwha8,27
"KS looks like a prime target for democrats to prove that they can help rural [NAME], I hope that they do good things here.",[8],edxcpc3,8
I bought them for her. Hahah she’s a sneaker head,[1],ef6ny16,1
maybe they need Congress to pass a bill to make the music softer than the dialogue,[27],eeqptvy,27
The hand break isn't going to make already locked tires lock any more. Just sayin'.,[27],efg58h1,27
Journalists not writing the headlines remains one of the most frustrating aspects of print media on digital platforms.,[3],eeub7hl,3
"I resent being lumped in with the group you are referencing, but thanks for sharing.",[15],eeyfdlk,15
I thought he was guaranteed to sign with the Padres lol,[1],ee2rdgi,1
350 calories The large is 20 oz and it’s 140 per 8 oz so 350,[27],ee8v2sv,27
Is it public? Are they aware of what's going on *all the time*? It's not as cut & dry as you think.,[7],ee3rav7,7
I've read an optimum of 3 years between live births and to wait 12 months if there is a miscarriage before trying again.,[27],ee764lu,27
If I haven’t told you lately...I love you and you are my hero. ❤️❤️❤️,[18],efaolh4,18
Can these guys just pick a team in the AL and go there??,[7],ednxxaw,7
You forgot blue passports,[3],ee9xdta,3
"I've been trying to as well, but the game is so scary :/",[14],efg90px,14
Happy cake day!,[13],ed2kbl0,13
"I swear to [NAME], these offseason dream/hypothetical lineups get me rock solid every single time. I love it",[18],eel6q0t,18
Looks like *[NAME]* was there with her murderous [NAME].,[27],edwdtgr,27
You deserve this,[4],edhnxcb,4
I still like beer.,[18],eegebwh,18
You forgot our dear friends from Paris,[9],ef6124l,9
At least my suffering is over.,[23],edb93xt,23
Good to know! I should keep a lookout then.,[0],eebv7f8,0
[NAME] became president and yet you think [NAME] becoming president is farfetched? Lol,[1],edk6zfh,1
That sounds so terrible. I'm very sorry.,[25],eer8acz,25
"Good to see this getting traction again. It really exposes [NAME] to be a useful idiot, and his supporters to be even dumber than that.",[0 3 4],ed6fpvm,0
"Ah yes, the standard midwestern transplant rite of passage. “THIS ISNT COLD LOL IM FROM WESHUBEKAUAN MINNESOTA AND YOU GUYS HAVE NO IDEA WHAT COLD IS”",[ 3 27],ee1630u,3
I stopped watching [NAME] the moment vie when they made the sub surface and I realised they were rewriting history. It's insulting.,[ 9 22],ed5fu2u,9
You'd think he'd be under playing weight considering how 'light' his drink driving sentence was....,[27],ef988rk,27
"Glad it finally made it.. I was beginning to think ""[NAME], I hope this guy doesnt think I welched on the bet"". LOL",[17 20],efdkyv9,17
I don’t know where you live but just a bj should be around 80$,[ 6 27],eebtq8m,6
*Agrees in [NAME].*,[27],eef8wax,27
Never surrender mate,[27],edjvr8m,27
damn thats good,[0],ed8p22i,0
"Yeh your right a bitter parra fan, have fun with norms him a bell end will get on fine",[1],efejesp,1
"Either way, I am afraid his marriage is over. She doesn't respect him anymore...",[14],eeafduc,14
My cat still loves me after I tripped over them in the dark on my way to the bathroom how are animals so amazing,[0],ee8lr44,0
Also drill man exists for an alternate for Balrog.,[27],eexxpn8,27
"Did the burglar win? It's fine and all that he tried sueing, if it actually worked is the important part. ",[4],eeg7d0u,4
Haha I actually didn't know about its existence! I honestly wonder how much of that map I've actually seen though. So many hours. Lol,[ 1  6 26],eejsz90,1
I find most people I paint nurseries for are like this. They do things just to post it online.,[27],ef5zt99,27
Basically how I discovered I’m bi—,[22],edy9mpa,22
Because he's attractive. Hence [NAME] come out in droves to defend him despite the fact he's a horrid asshole.,[2],eduyl4n,2
I'd love to hear the theme in the style of [NAME] or the Rolling Stones,[18],eegzxos,18
it‘s literally a fanmade album tbh,[27],efhc5j2,27
We’re all bible on this blessed day,[17],effzr7x,17
I'm sorry to hear about what your sister did to you. I'm glad my videos could be of help!,[17 25],ee98mkj,17
"That's the idea, don't be so indignant that I called out your bs.",[5],edwgdz2,5
You're dad's favorite? No fair!,[7],eczfdaa,7
That poor mercy. Just died to die again xD,[16],eep7dfq,16
shouldve came to america smh,[27],eeqchey,27
Then I disagree that being a cog in someone’s machine is reason to be resentful.,[10],ee16vt7,10
"You live for it, it's the only reason you're here. ",[27],edttlrs,27
[NAME]? As in thay Saint Jimmy's shit that seems to be showing up in every convenience store these days?,[27],edns2il,27
Or just head on to Galleon's Grave. I just hate Dagger Tooth.,[ 2  3 10],effzdwk,2
Oh and I forgot to say HAPPY BIRTHDAY!!,[22],ef6mwqy,22
Welcome to the club....,[15 17],ee3isnw,15
"The real worst though is when she says, ""I love you more"" 100% seriously.",[ 5 11 18],edjulyv,5
This sub is very very bad at irony,[10],edzsgnz,10
A classic question. He wanted to create to share His love and existence.,[ 0 27],edc6vyy,0
"I picked up some sea pods the other day for like $8 us online and I love them, zero leaks and great flavour!",[18],efere50,18
I almost think he may have opened the door.,[27],ee4bdl0,27
Can’t wait for this match,[13],ef4yac2,13
no its amazing.,[26],eexcpy5,26
I think she's funny lol. She'd have a better chance at a comedy career than modeling.,[1],efbjga1,1
What? I though unicorns farted candy floss?!,[7],edr8c6m,7
Might be an overestimate at this point.,[10],eenv5xe,10
Super low and loose. Get yo life.,[27],ed05nxx,27
>Most likely lassaire stones. [NAME]. [NAME]. The bane of gemologists. Glassy garbage.,[27],eebu8x7,27
"If the blindness ever comes back for whatever reason, try doing this:",[ 5 27],ed1rede,5
Should be /r/me_irl,[27],edmr43g,27
"Will do!!!! :D Thank you so, so much!!!",[15],ef8gl7u,15
I hope that's a bug because it looks downright embarrassingly bad,[12 20],ed4yddr,12
"Then who is it? I've mixed results with all fighters, but I definitely lose to [NAME] the most.",[7],eet9ry7,7
"!remindme 4 days ""Stupid Entitled Parent, sunglasses""",[3],ef12db0,3
She's fine but she's no [NAME].,[4],eeuhxz2,4
"most issues with nervousness and anxiety can be eliminated by eliminating the bad habits that are causing them to begin with, instead of 'just exercising/meditating' more",[27],eeanhc2,27
I enjoyed that Bagel Boss commercial. Suddenly craving some Greiss Coffee.,[17],edlp4q7,17
did it work?,[7],edtng2b,7
Imagine ur mom doing that I’m crying,[25],edzjzj3,25
"I'm very glad too. She has been with me for twenty years now, so basically all my life.",[17],efh4b7n,17
Sounds like you are dealing with some difficult mental health issues. Parents generally love their children. maybe try to talk to them??,[5 7],edd8tfj,5
He does look old. Could just be a poor rendering because [NAME] doesn't look so good either.,[27],ee0sric,27
Right? It was frustrating (and concerning) that he used such bad reasoning when his job is to curb phishing :/,[2],eferito,2
I was waiting for this comment,[27],edgqpoq,27
"Wait, what was [NAME] doing?",[7],ednsst7,7
"Lol, that slomo",[1],ed0kdxn,1
Yepp. I've struggled to hold a job so I'd be in trouble without it.,[14],ef9uu7l,14
"You know we can see your post history, right? Orange fan sad.",[27],ef3trkm,27
Mad at [NAME] for what she consensually agreed to,[27],ef0clne,27
"You can do it, I believe in you! ",[20],eexw3g6,20
nope! she meets up with robb en route to the twins and he sends her back to riverrun to not spite the freys. little did he know..,[27],efbhg64,27
BSN Broncos is the place to be for the off season. Just go there,[27],ed53t0h,27
It was less painful than a bee sting! I felt so silly afterwards!,[25],eeehann,25
Did she ask you to visit? Or did you decide to on your own?,[27],eej1g2v,27
"The menzingers are sick, good luck out there bud",[11],ee3e23v,11
I liked it because [NAME] is a fat lard and he was pissed off.,[18],edc6v71,18
Braindead people blocking lane is pure cancer. But the most horrible part of your story is that you got stuck in checkline line for 10 sore minutes.. Wow.,[3],eecp1ch,3
Thats one way to make political and economic instability sound super fun,[ 4 17],ed7nsgn,4
"Frankly, partisan politics aside, I would REALLY like to know where this fever dream of historical came from. It's mind boggling.",[ 7 26],edbdkc0,7
"You can, up until you proclaim scotland is a spectrum.",[27],ed4u92n,27
A machine would literally do a worse job than him.,[3],eeqw71e,3
"With all those hours he spends humping his thesaurus, looking back on posts would be virtually impossible.",[27],ed8qya1,27
"In Soviet USA, the simple minded twit who finds himself in all sorts of adventures IS the president.",[27],ee49mg3,27
These are some of the most talented marbles I've ever had the honor and privilege of watching.,[0],ef42c14,0
You are so right. Reddit response of reading only the first few words. It's been a long damn week. My apologies.,[24],ed90qbc,24
"Look I also love dragons, but this is just not a dragon, ok? Have some Toothless *hugs*.",[18],eekt1q4,18
This sounds a bit fishy,[27],eespyl3,27
I honestly couldn’t care what you think of me random person on the internet.,[3],eevf3dt,3
I thought he was #25?,[ 6 27],eeadi1c,6
"I disagree with you, therefore you must be an idiot. K.",[10],ee6d4bn,10
Lol I do the same. Sometimes it gets stuck in my head for days.,[1],edtxo6y,1
"Exhibit A, lol",[1],ed3ttd5,1
Thankyou! Good luck with your search! An AP is out there for you!,[15],eedkbea,15
This is absolutely beautiful.,[0],eewkl1c,0
>tries to insult [NAME] for wasting time in a stupid thread >is only other person in thread,[27],eenjasg,27
I wish. But sadly my job relies on other people so I just can't be the sole person,[8],edhqxzf,8
I hope you like it-,[20],edm2plp,20
Why are you so angry?,[2],eehtgt8,2
Leave the guy alone he’s making sidewalk angels,[3],eehrvws,3
"I dont know, she seems pretty gangster to me.",[3],ef5tna3,3
Don't forget colors. They panic at the sight of a chess board.,[14],edo1pve,14
They then went to a piano concert together. This conflict is amazing in it's twists and turns.,[0],eedpshm,0
"Not a [NAME] fan myself, but there's no reason to comment on his weight or appearance. It only makes your side look bad.",[27],eet70b6,27
I want a salad!,[27],ed4gigh,27
I love your Grandma! Good for you for not just giving in.,[ 4 18],eetsqhw,4
I read these comments assuming the context was the Government. Actually it's probably accurate for both TWD and the Government.,[22],ee3udct,22
"I.e., you don't know what socialism is and what it strives for.",[27],ee00702,27
[NAME] is an inside player,[27],edvw6qg,27
"Very interesting link, thanks for sharing. Happy New Year!",[ 0 15],eczn093,0
"Blizzard was working with Activision long before Hots. I'm afraid its too late now, to divorce.",[14],edr1i29,14
What is with the pet worship? Should be more worried about your elderly relatives.,[14],ed4piuy,14
You expect me to believe that [NAME] and [NAME] have so many things in common but are different people? Must be the same person.,[27],ee2lazs,27
It’s 5:11am over here. Good luck dude.,[5],ecztv54,5
It's sad that we have to think of it as a miracle and not a regular occurrence :/,[25],ed8n3se,25
Amazing photo. It looks like a watercolour.,[0],eer8v9y,0
"They mean staged. This video is portrayed as a real occurrence. It might be, might not be. Don't really care.",[6],eemvsju,6
My prince!,[18],ee81r2j,18
Glad to see I'm not the only one with that bug. Maybe someone will report it some day.,[17],edzlm0e,17
Death approaches! -[NAME] 2013 (I think),[16 27],efh6kx0,16
"Divide and conquer my friend. ""X's news is stupid and Y's is better"". Hello, they are owned by the same people.",[27],eecyud4,27
What an idiotic thing to say.,[27],ee4ztq6,27
my 3.5mm jack came with my iphone se and I can literally never lose it as long as I have my phone.,[5],eet4uvy,5
You have no idea how high I can fly.,[ 3 27],efac7b0,3
The deer had been hit by a car and it was only fitting not to let the skin go to waste,[27],efbtz7n,27
I know logically that I haven't gained real weight but overeating both weekend days makes me feel like I have. I drive me crazy sometimes.,[13 22],ee1xpjm,13
Why would you assume he wasn’t in on the decision?,[27],edekyaj,27
> What keeps hurting her though? They are getting absolutely crushed by the crowd probably. There's always jackasses trying to push forward.,[2 6],ed1k577,2
(:),[27],edkjb9g,27
Thank you 🙏,[15],ef5e7qj,15
Well I mean technically it’s not healthy anymore,[27],eegl3yk,27
This question belongs in askreddit or the like. They can deal with the sexist crap this is going to dredge up.,[4],edocsgz,4
> its exactly the opposite of what I do to get a girl in the mood This is super creepy,[10],ef3sq5i,10
"Sorry, I posted this first but then you said something that I wanted to acknowledge I agreed with.",[24],edm46gk,24
Are your daughters twins?,[6],ed27kst,6
Hey guys massive legend here,[27],edhnwzg,27
She's a pro-Assad piece of shit.,[2],edzdvny,2
"The soft glam palette from ABH, because almost everyone loves it. And I love it too. I am actually loving it more than my modern renaissance 😊",[18],ee4e2ol,18
Then much of the advice here is terrible because it congratulates him on doing the entirely wrong thing.,[10],een4t2p,10
Don't kiss your doorbell! Or anyone else's for that matter...,[27],edcymd0,27
"Almost heaven, West Virginia!",[27],ef3sg6v,27
I mean... I'm [RELIGION] so...,[27],eda5cuo,27
That's [NAME] and he had a concussion.,[27],eel8zl8,27
What could it cost? $10?,[6 7],eeqvbkc,6
Store them on a barrel in the ship and have to transport them in your bucket?,[27],edib90h,27
How does he wake up with hair like that?,[27],ef0shcq,27
"Well for the relative dying, they can think the problem of evil is a contradiction and therefore not believe. That's legitimate",[27],efdfa4s,27
"Happy birthday my guy! Hope you have a great day today, tomorrow, and every day after that. You and everyone deserve a good day. 😃",[ 5 13 18 20],eeuwx3x,5
Oh interesting. I must have got in a while ago.,[4],ee21mpu,4
"If you think this is bad, you should've seen him at four.",[27],eebed6e,27
"Just wait until you're 36 and in a solid career so you can marry a used-up foid who only wants you for your betabux, bro.",[20],edvprqo,20
[NAME] needs to come in now. There will be so much space for him,[27],ef223uj,27
[NAME] just put a huge hole in my heart.,[ 9 25],efei4pq,9
People who unironically call others “snowflake” tend to get offended way easier than anyone else.,[27],ef3m1bi,27
But that floor is so nice and shiny...,[0],ee3y15i,0
Sour Tangie!,[27],edhwi8w,27
"I low-key love his YT channel, he's genuinely an interesting and good person",[ 0 18],ed0miwo,0
"Funny enough, I'm a Braves fan from CT whose main football team is the saints... So I don't like this post one bit. ",[17],eel15ij,17
"Have fun toasting expired marshmallows in hell, lady-killer POS.",[27],edk510s,27
I've probably watched it more than you have.,[27],edikjn4,27
"Can confirm as my first time commuting by motorcycle in the rain there was hail, then lots of thunder bolts and lightning , found it very very frightening. ",[14],efc9012,14
"We're are going on a trip, in our favorite rocket ship",[13 17],ef4a0pv,13
Oh Yes. She says to me: now we can plot world domination together. I say back: and we'll never get around to it,[27],edto1qt,27
"""Kids stay by the ram it's not safe""",[5],eep1od7,5
here you go: |Games|Home|Away|Team|vs W-L 18-19| |:-|:-|:-|:-|-:| |1|1|0|Golden State|0-1| |2|1|1|Houston|0-0| |2|1|1|Oklahoma City|0-0| |2|0|2|Toronto|1-1| |2|1|1|Milwaukee|0-1| |3|1|2|Indiana|0-1| |2|1|1|Philadelphia|1-1| |2|1|1|Boston|1-0| |1|1|0|Minnesota|0-1| |2|1|1|New Orleans|0-0| |2|1|1|Memphis|0-0| |1|1|0|Dallas|0-1| |1|0|1|Miami|2-1| |3|2|1|Brooklyn|0-0| |2|1|1|Charlotte|0-2| |2|0|2|Detroit|1-1| |2|1|1|Washington|1-1| |2|1|1|New York|2-0| |2|1|1|Cleveland|1-0| |4|2|2|Atlanta|0-0| |1|1|0|Chicago|2-1|,[27],edwy61c,27
I cannot believe how unbelievably well [NAME] is playing. It’s insane he hasn’t scored.,[27],eet9wll,27
"Contact Blue Mammoth staff, they're usually pretty nice about this stuff.",[0],ed6hw0f,0
de grasse has a very noticeable asymmetry too,[27],ed5wgay,27
"Because its the internet and people are bored. Its not kids, its full grown adults and you know it. Unbunch your panties.",[10],edsvmnx,10
I'm vegan and that's a big nope from me.,[27],edlu92l,27
Eòrapaidh for me 😉,[27],ed2o1jf,27
Laughed. Out. Loud,[1],eeep85e,1
"Welp that was inconsiderate of those who had to suffer. Should of gone home and showered, then head back to the gym.",[27],efffeq8,27
And then there was the on who grabbed mom’s breast and tried shoving ot onto the ba y’s mouth.,[3],ee4vs2w,3
....be the autism. Totally different,[27],edx4eyu,27
I'M NOT CRYING YOU ARE,[27],edxyjnv,27
#I am relaxed,[23],eep2hod,23
"[NAME] bless you. Yeah I said [NAME] because we live in America,the land of [NAME]",[4 5],ed0m3pf,4
this is why I have backups off site that they’ll never find...try as they will they will never disarm me,[20],ed8kzf1,20
I dont think they were angry att them self. Its allways the kids fault./s,[10],ee6qjww,10
You literally changed someone's life for the better. You made the world a better place. Thank you for helping change the stigma against autism.,[ 0 15],efdpsxv,0
My PC froze while changing graphics setting,[27],edqemsx,27
"Wow! I’ve never seen so many deleted comments, and that’s saying something.",[26],eemwzcb,26
Is that the only symptoms you’ve noticed? Are you normally worried for social situation?,[14 19],edv14ph,14
Bad children get their souls put in the face table,[27],ee3l1wi,27
Now think about the point I was trying to make. It wasn't that I talk to servers and ask them if they like tipping more,[27],eelxggm,27
"Same, there was no thanks or consideration that they’d just given her the ‘night off’.",[9],edbuowp,9
a ref behind the play calls that loll,[27],eebi36z,27
"Can we reply to the Yankees being cheap directly, any time Yankees Twitter posts something new now? ",[27],ee2s1pj,27
^She ^took ^me ^by ^the ^hand... ^made ^me ^a ^man... ^THAT ^ONE ^NIGHT!,[27],edg8qww,27
Made me chuckle.,[1],eeuu2in,1
"RDR singleplayer, not whatever the fuck that online is",[3],ef7tzx8,3
I feel your pain...,[25],een6c9m,25
"Mother-fucking legitimate, charity fireworks!",[27],ed0iplf,27
Nope...this master criminal knewe!,[10],ef60h3p,10
This kid is one of the best passive aggressive insults ever. I love it.,[18],eeskywo,18
"Clearly. Sometimes, this woman baffles me with her stupidity ",[ 6 27],ee6r1f0,6
"It was a very nice car, a 1978 Bugatti.",[0],efekwli,0
Just explain that you stopped at Costco on the way to the ship and they only sell in bulk.,[27],ee7hqor,27
"Of all of the fan-favorites from each city, [NAME] being the fan-favorite confuses and annoys me most. Her headlines are becoming insufferable.",[2 3 6],edqgqrh,2
Maybe its the picture but the fabric looks really bad,[10],eed4ba8,10
"oh, he was in the bathroom, they forgot to count him",[22],ef6ie3z,22
"With the weather we are having, it is a surprise when a battery works.",[26],effxxok,26
Too ugly for love/romance/sex/dating,[10],eeto320,10
I hope this leads to [NAME] empire going down.,[20],edwflgm,20
"Oh hahaha, is it a reputable vendor?",[1],efaaqlv,1
But the mess!!! ^j/k,[27],eer043d,27
I wish I'd get invited to parties...,[8],ed2g8xw,8
"If you don’t include AZ in your 3, you’re wrong. ",[10],edboboe,10
"lol, suit yourself.",[1],ef2skwk,1
"Such a good story. Im now a grown man, crying at work... on reddit.",[0],efh5mot,0
[NAME] - Truck Union | Official Music Video,[27],eei3xh5,27
I noticed this while watching it and cracked up... it was so cringey! It was after they watched their wedding montages.,[12 22],eebyrp0,12
In my few years playing I never knew this ... I feel so lost now,[25],edwr3cq,25
"not my kid, not my problem. Best comeback ever xD",[0],ef0hx65,0
Reddit university man. A hard and rocky road but it takes you places.,[27],effc3o8,27
That's awesome! Congrats on all the positive changes!!,[ 0 15],ed2dkln,0
"Life will always get better regardless of ones situation or condition or whatever, life will indeed get better. It might take a while but it will. ",[20],eeaa110,20
This reminds me of the trolls that would tell people it was a ‘cool science experiment’ to cook up chlorine gas in people’s homes.,[27],effiljk,27
"*Busy hands bring clean minds.* Keep busy, time will pass, and you will have less anxiety about being alone.",[27],eeiepqd,27
I do enjoy my lawn. 😁,[17],eevtqdp,17
Just drink the bear. Life is too painful and short to worry,[ 5 25],ednk9gt,5
"I’m naming my dog Sebastian! So I can kinda relate ( lol, def not the same). Love the name though.",[ 1 18],edz970l,1
I kinda feel like you may be my auntie. Florida?,[4 7],ef5glri,4
I'm having a hard time understanding what exactly happened. I'm sorry you're having these problems. 🙁,[22 25],edabotf,22
Manlets unite!,[27],edp0cu4,27
Nationally calling them feral with the implication that they had it coming less than a week after their deaths is even worse than spitting on their graves.,[27],ee9esd6,27
They do realize that the guy in the first picture is from a musical that mocks the [RELIGION] religion right?,[22],edbgogf,22
"This is Brokeback Mountain, isn’t it. A very different kind of smashing. OwO",[27],ee7iypo,27
"Well, if you are gonna put it that way, I guess I don’t have much of a choice.",[10],eezlpes,10
Wouldn’t have looked as cool.,[10],edi0txb,10
"No, you are just suggesting someone be at the ""perfect"" level of looking for a relationship. Suggesting someone be the perfect anything is just sillyness. ",[27],edj2cb2,27
"In such a situation, I would save the mother. Always.",[5],edk8w8o,5
"Thanks for the detailed reply friend, much appreciated. I’m a history buff and love learning about these things.",[ 0 15 18],edao1af,0
That's not a denial 🤔,[10],eevekjz,10
Not my text lol? Im sorry dude your a weirdo and the downvotes have demonstrated that lol,[1],edesim9,1
Skypeia in One Piece has literally nothing to do with the main plot but I loved it. It also gave us the single greatest reaction image.,[18],ed52ler,18
"After 3 sacks today, “Are you not entertained?” -[NAME] probably ",[27],ed1lt4p,27
"I remember being so excited when we got AAA back, even though it cost us Fournier...man, that sure went south. #ThanksShaw",[13],eeasea5,13
Did I miss something? I don't think she's announced yet. Someone could still beat her to it.,[6],ed4f606,6
"with a locker room like this is looking to be, I don't think Ohio State is done losing games that they shouldn't",[ 3 10],eda3ivp,3
I'd sure as hell hope their washing their hands after at least.,[20],eeu0nxa,20
I realised that baby [NAME] looked like young [NAME] and it really upset me. So you all have to deal with that now too.,[22],eepazfz,22
I usually see tweets like this for girls but it feels nice to have it directed at boys,[17],ed1uck7,17
Would be a good idea what deal labour wants.,[0],ed2ryb4,0
Too hungry for that money.,[22],ef7fgha,22
"oh, that's cool! Well, i'll say that the budget for this one definitely shows!",[0],eeyeu61,0
No it's not. I'd bet his biggest crime was being an introvert. Low-inhibition psychos never seem to lack for female companionship.,[27],eeswjf8,27
Don't stay too long or you might go Nakamoto : P,[5],edp47ed,5
as someone who is a big save the earth guy this is truly awesome and makes me proud to be a fan of the yankees,[0],efaako2,0
"Oh man, Everytime someone asks what time it is my first instinct is to say ""it's time for lunch!""",[27],ef8utwz,27
I've finally found my people who know the struggle.,[17 23],edak5lv,17
"Great person, tough as hell, will truly be missed😢",[ 0 25],ef7bngg,0
My mom signed me up when I was 15. Wow that was a fun weekend. /s,[17],eeo6suo,17
You are so ugly even tears wont show up near you,[11],ef64n55,11
"forget new buildings, i work at the chase plaza building and am a little bummed that seagram tower made it but this didnt.",[ 9 27],ee7b6u2,9
Love this show :),[18],ef0n98u,18
"Wouldnt believe that much, surely rather stay and win the league first, cant blame him tbh",[27],edfjpdp,27
Yeah I doubt the woman would post about it whilst still in his bed. She'd wait until she was dumped then complain about it at least.,[6],edbubet,6
Oh he works as a medic in CA. So hes an Aemt in other states!,[4],ef8pnce,4
Nah it's a sexual disorder due to brain structure not aligning with body structure but continue to be an ignorant transphobe I guess.,[22],eej6si2,22
I absolutely love DCfC!,[18],ed1gwl7,18
That's not what he meant. He means the use of a lot of different hashtags.,[10 22],eeg7h39,10
I am also a doctor and his legs are in fact discolored. But seriously dude go to the doctor.,[5],ed3yxmw,5
"Thanks for the heads up, I'll wait until next week to head down. ",[15],edy81cn,15
Just tagging along for the screenshot. As you were.,[27],ee9fchp,27
It's time to trade our expiring deals and finally rebuild properly. Dont let me down Weltham!,[27],efcwom2,27
The lake is steaming! The water is way warmer than the air,[27],eey9r8j,27
"i truly believe compulsive, chronic cheaters are sociopaths. no empathy, compassion, and they're impulsive and manipulative",[10],ef5dc8x,10
That's the spirit,[0 4],eddm85x,0
"He doesn’t have to say anything, [NAME] needs to keep these things private.",[27],eeeiabe,27
Be thankful.,[15],edkfv95,15
That's literally insane considering we're talking about [NAME] and [NAME].,[3],ef8ypa4,3
"Nah, you did all right.",[0],eec7zl6,0
Maybe she recognized you and didn’t want to hear your (obviously) stupid comments.,[27],ef7x1e2,27
The NEW & IMPROVED Doggy Slinky!!! Everyone loves a Slinky!,[18],edorteb,18
"She manages to interview the most horrible people, as long as they're willing. Can't have an interview with someone who'll only attack your questions. ",[0],edpitzc,0
"Thank you, this is genuinely helpful. ",[15],eegwjtk,15
He dresses that way in real life...perfect,[27],ef90jxm,27
If liking your own country is a right wing talking point then why don't the left wingers just leave the country?,[3 6],edhc1s5,3
Looks like something you'd eat in Monster Hunter,[27],eef8stc,27
"Without any kind if proof beyond ex gf’s texting eachother, im not going to just up and believe this",[27],edjakmo,27
If [NAME] gave me pizza I'd still be annoyed but I'd eat it.,[27],ee5uvpa,27
> YOU DONT GET (ALL OF THE) MONEY IF YOU DONT SPECTATE UNTIL THE END OF GUN RUSH,[27],ef2ur0t,27
It's highly optimistic of [NAME] to imply that [NAME] has a plan. He must be a 'glass half full' person by nature.,[27],edkyk5o,27
this meme is so old it whipped me back into 2011,[27],ef26qi7,27
"There. Are. No. Moderate. Republicans. Repeat this, nonstop, everytime she is mentioned. She is an extremist who pretends to be moderate.",[2],ed5quzx,2
I had a basketball coach who shattered his hand at halftime of a game doing that.,[27],ee8vlco,27
[NAME] damn it,[2],eeo6qq3,2
You've been able to survive going in between tracks on multiple games in the franchise. I've always done it lol,[1],ees8x7f,1
She has pretty hair.,[0],ed4i7bx,0
[NAME] is da man. A gangsta mathematician who had the guts to seduce the most beautiful Spartan woman of her time.,[ 0 27],eeon5ww,0
I want to give you reddit gold but I’m poor and bad at money spending so have my love instead,[8],ef2w083,8
Wasn't that just a mass shooting? Or am I thinking of another college massacre?,[7],edgjexn,7
Our sour union,[27],eesbjd5,27
srs that’s a cute sweater n all but i wish the pic was closer to her makeup,[0],eenxglo,0
"""okay honey, either this is gonna fix my back problems or we're calling 911""",[4],edqb0e4,4
Thanks man I hope I can get it before the end of the week,[15 20],eespu1a,15
"I only meant it in kindness, I’ve loved this country so far. You’re all so damned friendly here",[18],eej7snu,18
😂😂 she really is. I can’t stop laughing. She’s a fruit loop!,[1],ed9s9ql,1
I can see that,[27],eetrghu,27
> ftw Awesome statistic. Made my day! Love it,[17 18],eej8awt,17
"thanks! yeah a bit, wrote for my college paper last semester but thinking about doing more",[15],eddcqi2,15
"I like this title, fun to picture a violent lake stealing dogs! :)",[0 1],edkws8k,0
I didn’t realize! I’m pretty new here. Should I check the website?,[4],ed48kq8,4
I remember that one. I to found a special fondness for vacuums after that.,[ 4 22],eem08hn,4
I wouldnt mind seeig a few rushes with that NFL overhead cam.,[4],ed0wy0v,4
"You know when I typed ""legal tender"" I had a horrible feeling I was going down a rabbit hole.",[14],ef46ecg,14
[NAME] is so goddamn good,[0],edcmikh,0
"The powers that be don't like it when you try to educate the [NAME], but that's to be expected.",[27],eep7p99,27
Two problems: It's not a newsworthy story. You'd get sued for defamation.,[10 27],eduxpaa,10
China shipping is also unreliable and most packages come ruined.,[4],edcatuj,4
Shut up cowpoke,[2],ef9w3om,2
What an amazing guy.,[0],efc0dqy,0
"Apologies, I take it all back as I’ve just seen his latest effort",[24],edzprws,24
Are you in Twitter with a similar s/n? I feel like I remember this name when I’ve been posting about teen mom 😂,[7],ed0eowi,7
In my experience it was just people burning the fuck out of popcorn (possibly to cover up the stench of weed) at 2am,[27],ee8m9zw,27
“I got five on it” for the movie US is decent as well. They made it so creepy.,[4],edr3ngy,4
Will you ask her to pray to her god and ask him to stop giving kids cancer!,[20],edpfclp,20
"Not for me. The ankle area is the least painful, compared to the rest of your body ",[10 22],ed91ghz,10
I just wanted my knees to stop hurting,[ 8 25],efhc2b1,8
I feel retarded because i laughed,[1],efajwtk,1
"I think the hulk could do all of that at once, and fold the wrench with his finger tips",[ 4 20],efaudck,4
I have not yet. But I have been advised to. Thank you!,[15],eff4qli,15
I was petrified...,[14],eezwdoa,14
You gotta watch with subtitles IMO. The dubbed English version looks and sounds ridiculous.,[9],edg3atf,9
"Completely serious here, what do you base that claim off? Like, from experience and talking to people or from a larger scale example?",[7],eeplpz3,7
why not get a innovative head coach? and not have your oc poached??,[6],ed3i0zf,6
Didn't the kid in the middle play [NAME]' kid [NAME] in Friends?,[27],edipx4j,27
A lot of virgins would reject the label.,[27],ee7n1uy,27
"My nightmares don't tend to be realistic, but many kid's toys can lose a piece and be swallowed. ",[27],eeou08q,27
"I would pay money for [NAME] to not be my nurse. She will probably ""accudentally"" squeeze my nuts. Crazy bitch.",[3],ee8zjas,3
"Ooooh, is that also an aspie thing? I have a lot of those moments here... ",[ 7 22],edxmsda,7
That right hand sent our dad flying across the cage. Lol,[1],edqb8yi,1
I can say the same for yours,[27],edd3byk,27
No one is required to help anyone.,[27],ef74saf,27
"I enjoy it as well, there's dozens of us!",[17],ed4574g,17
I get it but it wasn't what i was talking about.,[27],ed1094h,27
Thanks hehe hit me up on there sometime!,[ 1 15],eeql7n8,1
"Oooh, edgy!",[19 26],eeps0jf,19
"""He made her"" give me a break. Tell him to shit his pants.",[27],eexny1k,27
Skyrim kinda aged poorly but I still keep coming back to it. Might start another playthrough soon.,[20],edp3v8s,20
"I never thought it was at the same moment, but sometimes after [NAME] sacrifice... sounds logical",[ 6  9 27],efdlhs1,6
How do you know he likes beer. Did he ever once state that he likes beer?,[ 7 26],eegdvwg,7
"Right, like what was wrong about a backhand there?",[27],eczrjo0,27
"Research #42 and also learn about our [NAME] Father, [NAME]. Get ready for a great year ahead.",[20],ed61k1v,20
They’re not just cute like everybody supposes,[27],edryb8k,27
Ah if they went to school together that makes more sense. I wasn't aware of that.,[22],eegd4dr,22
Almost downvoted you just because that made me so angry.,[2],ef1v3gr,2
"Hmmm, mildly interesting :)",[7],ee3h6wr,7
did they say [NAME] was hurt? Hes played like 4 minutes,[27],eduyb0t,27
Depends on this being a small town or not.,[27],eexg3ps,27
Makes me want to break out my 'learn to use my SLR properly' resolution again.. more time commitment tbh. Great shot.,[0],ef4hcsg,0
Agreed! Hopefully! :-),[ 4 20],eemroff,4
I wish my nickname was [NAME],[8],eekeonr,8
[NAME] beat the Bears last season lol,[1],edropll,1
Fascism = National Socialism Which is another reason why both Nationalism and Socialism are bad. [NAME] use some of their ideas!!!!!,[27],ef8h4bg,27
Lmao what an end to a quarter,[1],eduxg74,1
Oil Kings game tomorrow is to promote organ donation!!! Come check it out! [NAME] will be there with super awesome/ugly [NAME] jerseys!!,[27],eedx22w,27
You'd think we don't have anymore tears already... It's been 62 years of crying.,[25],eemfikw,25
I daydream about putting them on. I let other people daydream about the taking them off part.,[27],ee202qz,27
Interesting how [NAME] leads his team in BPM and RPM every year while not being the most important player. Defense and efficiency matters.,[ 0 27],ef0wfr6,0
It's pinned on the sub.,[27],eew60b1,27
17f CF to the core here. I never thought of having kids once in my life! No kids for me,[27],ee2s8qy,27
Reminds me of the giants/cooks from Little Nightmares.,[27],eeon7ui,27
Thank you :) I'll try to stay positive,[15],edykhct,15
"I have many a screenshot of blatantly false posts that my older, conservative, religious relatives share on Facebook ",[22 27],edro52d,22
Cool story bro,[0],eeq9ssd,0
This is why I asked. [NAME] people.,[27],efdd65b,27
[NAME] is actually a terrible player,[10],ee0sbm3,10
Not actually cheating if the system is set up that way. Take it up with your Government.,[3],edhrivv,3
"Coherence, The One I Love",[18],eencuoh,18
Bali this year,[27],eeznyof,27
My arms only seem small because my love handles are so big,[5],een8l19,5
And how she can’t cry bc of her “expensive lashes.” 🤦🏼‍♀️,[ 7 25],ed4miwf,7
If you saw this pizza you'd have disagreed. Would have caused [NAME] to faint,[27],eemmgk0,27
That grammar though,[27],ef834va,27
Yep first to go crying to the government but happy to bully single mums on the benefit,[17],eekv48h,17
"Ugh, thanks. I'm still working through it emotionally 😂😂 so funny about worrying over the stain! ",[ 1 15],ee4nu7j,1
What does his family say? Grandparents? Has he seen a doctor?,[27],ef26km3,27
"Sure, there are edge cases where this is less clear, but in the vast majority of conflict, this is true.",[ 4 27],eebqp3y,4
[NAME] looked bad pre release. Post release she was touched up and tweaked. Relax.,[27],eebg4ii,27
So it gets flipped to him being corrupt when he doesnt side with [NAME] as I said.,[27],edxgx6m,27
I don’t think that tells us any moralising lesson on the practice of incest.,[10],eeamw5i,10
"never used nor needed a stasis rifle in any playthrough, I wanted to feel afraid and on edge Edit: Was my 6th or 7th btw",[27],eec9r2t,27
Imagining doing something this drastic all alone is just... I can't fathom the anxiety. Man.,[19],edoht44,19
Loved every part of this series so far!! Keep up the good work!,[ 0 18],ednqxvb,0
It's like an instinct for idiots to downvote without even reading a comment first if they sense the word vegan in it haha,[3],edenhjs,3
This is the most reasonable and logical response on here.,[ 0 27],ef0wz77,0
I’m constantly surprised that [NAME] doesn’t hate her.,[26],edp65fk,26
Willing to replace [NAME] for Her,[27],efbpi7h,27
Jordan it doesn't have any terminal illness,[27],eeab9f4,27
Other than ignoring [NAME] PTSD,[27],eedmu7b,27
"Well, I guess that explains my gf mood now ",[ 6 22],edyqpcw,6
Desktop link: ^^/r/HelperBot_ ^^Downvote ^^to ^^remove. ^^Counter: ^^231652,[27],ee0rgnv,27
Truer words were never typed. Loved that game.,[18],eff37lp,18
"Whoa now, easy there on the logic.",[13],edbcx06,13
Praise [NAME] your taste is bad /s,[11],edp3d7p,11
But at least you know where you stand with a restraining order. At least 1000ft away.,[27],edr0suv,27
Fucking fuck! 2 (or more) sets of fucking socks in fucking sandals.,[2 3],ed95dbm,2
aw momma big hugs.,[18],ee81tap,18
"Wow either [NAME] misspoke or I didn't hear correctly. I swear he said chainsaw, that is totally different from knife or cooking accident.",[26],eecp1lg,26
You're FUCKING JOKING,[1],ed9trpj,1
Give it time. Pain like that needs to heal just like open wounds. I really hope that you will eventually start to feel better.,[20],edl8fk2,20
I remember seeing her twitter profile when it all went down and she was a rocket,[27],ed5n336,27
"Yes because people constantly use that as an example of ""TSAs failure"" or a TSA miss when in reality TSA wasn't even involved",[27],edbnj3e,27
15 is too old to play playing fortnite smh,[10 27],edzrl4q,10
"Not until she's 30, because adult women are not your property to control even if you are their parent.",[27],eeazr8k,27
"Nah, you're nice peoples who eats pickles.",[0],ee0y5af,0
Wasn't there some sort of human Cylon orgy in The Plan or am I misremembering? Because I have bad memories of [NAME] and sexytimes.,[6],edlcj3g,6
aww hell no. This fucking ad,[2],eezg86n,2
The fact that it has so many up votes is baffling to me. Why would anyone care?,[7],ef63y5c,7
SUBSCRIBE TO PEWDIEPIE OR I WILL HACK YOUR REDDIT ACCOUNT!!!!!!,[3],ef7z92w,3
"Thank you, this makes a lot of sense. I know i need to trust them and not try and read behind what they're saying... ",[15],edujvdk,15
Your friend should be disowned by their family,[2 3],ef6pa0v,2
England is all about driver safety. Competence...well....,[5],efdi1rc,5
"I laughed so hard at that episode, I remember my parents coming into my room asking ""What happened, are you ok?""",[1],eepuafr,1
Maybe write your own music and it won’t get taken down.,[27],edzhwn6,27
"Oh, well, you again I tried some stuff, people ignore me anyway",[9],ef378zm,9
"I would no longer be antinatalist, but I would still be childfree.",[27],efc574s,27
"Damn, he sold all out for that kick",[2],ef2bola,2
Needs to justify her position with her world-class counter negotiation skills...,[27],edr8fw3,27
I was a little pissed off until I watched this loop 6 times. Now I'm happy! Weee!,[17],ed3wo3h,17
You're gonna die tomorrow.,[27],ed9bogy,27
"Oh look, another SHG against. Must be a day that ends in -y.",[27],edybynu,27
So we got Summer’s model now. Team STRQ flashbacks next volume?,[7],ef33st6,7
when you watch game reviews and youtube thinks you hate women and minorities,[27],eeboxty,27
I hope Dallas gets close and loses in heartbreak.,[9],edy72xe,9
Because cognitive dissonance.,[27],eel3u2l,27
That's every cat's idea of fun!! Tasty human hands!,[1],eczf23k,1
Rules say no identifying information,[10],ef71obj,10
"Hawaiian pizza to the maximum, shout out to Caffe La Via @ Malvern lmao",[27],ef09zyb,27
[NAME] dude I’m sorry. That’s their problem now. Bump some [NAME] and keep moving forward.,[25],ede7o2k,25
"yes, very sexist",[0],efccmdu,0
Warning: Ear rape,[27],eex9nc4,27
"Dude! Coyotes are no joke. Good job, [NAME]. ",[0],ee95oid,0
last year i had a major crush on one of my guy friends. still do.,[18],ed3jpfo,18
Yeah I should have said ‘wouldn’t it be ironic’,[27],ee5jnes,27
"I hate the argument too. It betrays and exposes the violent, primitive ape amygdala response that is most Human social interaction. ",[2],ef76ge5,2
Thank you! I will!,[15],ed47vi9,15
Your mother is an idiot. If she somehow proved that you were an unfit parent to your children your stbx husband would get them not her.,[3],ef40bio,3
"Lol. Yes, the contractors know",[4],ed9d796,4
Now I know rhino poop is very green.,[22 27],ed968l3,22
I figured that’s a British thing. Is that not a British thing?,[27],edkiv0e,27
Does you guys remember brutal left hand by the hitman hearns against [NAME],[7],ef53k00,7
"Judging by that scream the mics picked up, he knows.",[27],ed7bzoh,27
Swordfish is my go to gun. Used my first unlock token it given how much I enjoyed it.,[17],eez2x7i,17
"My sister squeezed a lime in her milk when she was 12. Same thing happened, but we told her it would happen AFTER she did it ..",[27],ed2hsq3,27
I’d love for [NAME] to turn into prime [NAME],[18],edtzu31,18
Lol don’t act like you care if you aren’t willing to back it up. Cheers,[1],ee04d2n,1
This sub is a fucking joke now,[3],eeq66ye,3
I BELIEVE! I am sad that likely no one else will see it besides me...,[25],edr2fw0,25
"Oh, I see. ",[27],edtrhgv,27
That will have to be MY cake then!,[13 27],edn4xjd,13
Gawd but [NAME] is a bitch.,[2],edxjc0c,2
The prevailing thought is he'll be too expensive to resign. I love him as a piece on the team but he's a deal sweetener.,[27],ediaypl,27
"That, the fact that the photo was taken on someone's phone and the fact they couldn't be arsed to crop it properly...",[27],efedbvq,27
"When you assume everyone is sane and rational, you get caught out by the insane spinning their insane stories. ",[27],ee3p30b,27
YOU SHUT YOUR MOUTH WHEN YOU’RE TALKIN’ TO ME!,[2],eegjmjw,2
This right here is the kind of father I want to be. Thanks for that.,[ 8 15],eeqzh5y,8
"As a PPD mommy myself, you're my [NAME]! Thanks for this... Thank you for reminding me how amazing us mommies truly are!!",[15],eeo6u7z,15
Welcome to my world. fml,[13],ef4q82a,13
Racism. They're talking about racism. The hate is the new KKK sheet.,[11],een3k7h,11
It's [NAME]. He hates himself for never getting the coat into the basket.,[27],ee8d3l6,27
And then [NAME] heroically murders them and hangs up their heads so he can feel like a real boy,[27],edhbseu,27
Thank you kindly :),[15],edbhh6v,15
I have nothing to say to you.,[4],eezaav7,4
I live for this comment 🙌🏻 i just thought it was me getting older and losing touch with whats “trendy” but am glad its equally hated,[17 22],eeb3ipk,17
This is golden.,[27],eehuxk8,27
I've got no idea who you are but thanks for trying anyway.,[15],ed7ysz6,15
I love you for making this,[18],ed4zr3n,18
"""Do we need a GoFundMe for automated doors"" hahahah!",[1],eebpg4x,1
"Do it, and then post pictures. We're all counting on you!",[27],edmfqv5,27
"Okay, carry on then. Just thought I’d make sure you recognized that there was a difference.",[22],eev575g,22
i would not want to be they guy operating the reloader while 2000RPM of 30mm shells are firing,[10],eenvuz3,10
My daughter attempted in November of 2012. She also still struggles. Glad you’re BOTH still alive!,[17],edoj7ve,17
I love this reply,[18],ed65r76,18
Other than the [NAME] storyline and the flashbacks the stories building up to the main villain went in circles. Wasn’t anything exciting or to interesting.,[27],efa9lzx,27
You can humanize and normalize everything.,[4],edv2jz0,4
"No, absolutely not. How bout if you have more to lose you be more careful about not breaking the law. ",[5],eeqagy1,5
He's already dead!!!!!!!,[27],ef6lbls,27
"[NAME] was caught stealing his neighbors newspapers. He pockets all the money that is given to him and he does not use it effectively. [NAME] sad ""life""",[3],efaa9ld,3
Hmm it seems fun enough to build on my own but thanks!!!,[ 1 15],edjc9m4,1
Yayyyy [NAME]!!!! Now go get a hat trick tonight!,[13],ee3bd7h,13
I'm surprised she could operate a suitcase.,[26],ed1yl2h,26
DRAG HER QUEEN,[27],eeo73g9,27
"agree, we are living in the feminist era where women want to be equal - so why should they be 'selective' in whats equal or not.",[4],een5rbr,4
"People have made money off it. Belle Delphine was hit with a $60,000 fine recently",[27],edpzsek,27
Thank you. Very very much,[15],ee1byj4,15
"Huh, neat ^^^^^^^^^^^^^fuck ^JJ ^tho",[27],ee3p4o4,27
I had an urge today. Went straight to the gym. Problem solved. Find something to replace your urges with,[8],efeddvb,8
Cespedes is likely not coming back this year,[27],edbq4mp,27
I’m not high and that sounds like a good sandwich.,[ 0 20],eecm8m0,0
Violence only begets violence. We'll wind up with an authoritarian despot as ruler if there's a violent revolution.,[27],eebwf13,27
But the satisfaction of getting a headshot is better with the USP.,[27],ee2h9j7,27
Would your 20s have been better?,[7],eeqxv0u,7
"Yes, it's normal. More like considering you options than desperation",[4],ee30aqu,4
I will still shag her u fooking poof. gave im a rite fockin japester innit well u won't be having erection next few days.,[27],edaxwhu,27
"Hello [NAME], my new friend. ",[27],eebvlrr,27
I miss you [NAME] 😢😭,[25],edro4ig,25
"Son of Darkness is cool, but also Ashes of the Empire",[4],eeb5dng,4
"Ah, our primary investigator picks another hole with his salt mining tools. Well done.",[0],ed2o3cm,0
This was not on night sight Not OP but also used Pixel 3 to take similar picture from springs with binoculars carefully in line with camera,[27],eencq6e,27
I don't think you've ever seen the dsm. If you knowingly do something stupid you don't deserve anything but what you get,[ 2 10],eela3no,2
Wanting to feel sexy isn’t really a thing that applies to me tbh,[10],eekvan4,10
"Yeah, I guess you’re right! I’ll definitely try talking to him. Thank you",[ 4 15],ee9mdpn,4
"Ah, I didn't understand the context.",[6],edcxwtm,6
I like it. It reminds me of Aphex Twin but I also hear modest mouse melodies and rhythms. I'm a fan of both,[18],eezsy3l,18
WUTS THE ISSUE SOOOOOOOOOOOOOOOOOOOOOOOOOOOOOOOOOOOOOOOOOON?,[7],eecyjmg,7
Rare just announced they plan to fix it but don't hold your breath it could be a month or more,[27],edydhli,27
Replacing pillows often is also important. Buy more less expensive pillows. I love pillows from Ikea.,[18],ee20cky,18
Because it would look worse than 2D art.,[10],ef8mcta,10
"Lord, he is extra sensitive. And I thought my ex was bad lol. ",[22],efdb0ue,22
He also voted to repeal net neutrality in the FCC. Grade A flipflopping shitbird.,[27],edoyoqy,27
I fucking love New Years day with the Hawks playing in the Winter Classic,[17],ed0tgb3,17
horrific clock management too!,[27],ee0n4lp,27
Oh would you look at this....,[27],eez7t0n,27
The remaster comes with all DLCs from the original.,[27],eff81ub,27
You are wrong but people shouldn’t downvote you for that. Downvoting people for trying to become more informed is what leads to an ignorant community.,[27],ef7exa4,27
This hit way too close to home. I’m suing for emotional damage.,[25],ee4lp9e,25
To me the cringe is the American woman's love for his fascism. (since no one knew what was happening to the [NAME] in 1936),[18],efaxjh2,18
Haha well thank you so much! You've been the only person to say that,[15],eezz9z2,15
Hmmmmm. I'll have to go pay that sub a visit.,[ 8 20],ef2img0,8
Top ten nicest things anyone has ever said to me!,[0],eeguowf,0
It's not that bad. Not even the employees were cringe worthy. I'm glad that they were all enthused about having fun with the seniors.,[10 13 17],edpfy8p,10
This looks amazing. I'm sure Netflix will cancel the series in February.,[0],ed5km9u,0
Haaaaay it’s the NAGR Guy!!!!!,[13],edbzi0e,13
Is diy crafts getting ready to go to jail? 'cause these are some jail life hacks.,[27],ed0oo7a,27
Is that so bad?,[7],efb59al,7
I wouldn’t recommend expensive brands in this subreddit. People get irrationally angry and condescending.,[ 2 10],ee1456h,2
Well hes asking is it possible and the answer is that it is possible to be honest.,[4],ef1gddi,4
What do you know about art,[27],ednzk96,27
well she will not be able to do it with [NAME]...,[27],eegfgqy,27
"I'm okay with killing babies in general. I mean, mastification is the cornerstone of my diet.",[4],eevnzjt,4
Putting the opposite outcome of what [NAME] says is a close second imo,[27],edlzg4x,27
"Oh, wow, I didn't know my Dad had a Reddit account.",[26],ee3jf31,26
Taylor Pork Roll vs Taylor's Prepared Ham. There were variations over the years.,[27],edoi3td,27
You’re an asshole.,[2],efdrv03,2
I've seen this about 10 times on Reddit in the past hour. Stop.,[27],edqswtb,27
were you bored or board?,[6],ed5f54l,6
You cant.Its the idiot civilian drivers fault for probably just staying behind him like a zombie. Unless they come out with heated trailers soon.,[2],ef25x0f,2
Just like the [NAME]. But nobody complaining about that.,[27],ef489tq,27
"Def not nypd lmao, but u hear you ",[10],ef4dm6l,10
"Well, if 10% of active gun owners each convert 4 people, we win :-).",[20],ee85tyl,20
Thanks so much for taking the initiative to do this! Not all heroes wear capes :),[15 17],efe8bhu,15
Apparently government cares about the environment about as much as many of our neighbors.,[ 5 27],ed68etr,5
I never knew it lost any so this is kinda news to me,[27],edbnadp,27
"Wow OP sounds like you're really skilled at opening your legs, you're parents should be proud of you, STI and all.",[13 21],edb7jq1,13
Based on the damage,[27],eel067o,27
"I am happy with North Sydney, Milson's Point or Kirribilli and happy with the 19th too!",[13 17],edrce92,13
[NAME] that is frightening...,[14],eearc98,14
Love me some Clash,[18],ee05yms,18
America can out-lazy your ass any day.,[9],edxu4zh,9
I like in Iowa. The weather part is true,[0 4],ee22bn2,0
genuinely funny - downvoted,[1],eerkhn5,1
Do you regularly go around calling people a know-it-all when they've generously provided you with specific information you've demanded?,[7],eew971w,7
"I didn't know that having the occupation of a journalist and the method of ones murder being beheading, gives ones death a special status. ",[22],ed4v2zk,22
Presidents using these robots will loose all legetimacy. They will become dictators. People should invest in good cameras to document the events and share it everywhere.,[10],eezw9fr,10
Hell yeah! Don't let all the jokes get to you. You be happy being you!,[5],ef1gvfa,5
I like it when science proves things I thought was common knowledge,[18],ef9pbwe,18
"Yes. She should. Just not President. I've heard people say she should, and she is nowhere near ready for that. ",[4],eedt93w,4
"He is a douche, but I love that douche!",[18],eehxe6g,18
I take care of my kids!,[5],ee9x4rt,5
Takes one highschool music class and thi vs their a genius for knowing who [NAME] is the image.,[27],ede19tk,27
"Find a tv show to participate in, bat your eyes, cry a little. ",[27],ee3ltie,27
Hooray!! Number 1! Number 1! Number 1! Number 1!,[13],eeoq3vn,13
this made me stop subconsciously breathing and now I can't stop thinking about it,[19],eer50di,19
Notice me dooku,[27],ef0wyud,27
"Some disturbing thoughts, but I hope you’re in a better place now pal. ",[20],ednhdl6,20
What a great reason to have kids.,[0],effp6o1,0
It's not even Goats. Just got to the point I realised the Devs don't care about what happens below high elo.,[22],ee2yx5j,22
Love the way his body just folds after the final smack on his head *oof*,[18],edebf9q,18
I wonder how it's still tagged questionable...,[26],ef5swm9,26
This game is pretty drunk.,[0],eeql12c,0
Yo your eyes are glued wide open like aderal and you move your head all the way back you are done,[4],eef5u9p,4
I love this! Thanks for putting a smile on my face this morning.,[18],eeu2tj3,18
If he doesn’t give it a ten I’m gonna riot,[2 3],eezl4p0,2
No. I've been bashing it for its very noticable issues that have plagued it for 3 years that the cw wont fix.,[10],ee8xs4t,10
You make soap? That's awesome.,[0],ee8ys8g,0
Very entertaining matchup. I really hope we can squeak out the win.,[20],eezj6jj,20
"And best of all, it is giving a child a loving home.",[ 0 17],eef8iw0,0
An hour ago I was not but when I saw this comment I was in the kitchen looking at my phone lol,[1],eessryd,1
"Ain't that the truth, lol",[1],ef36cfx,1
What the fuckkkkk burn itt,[2],eextz2m,2
These disgusting old hags are literally old school flesh-consuming ghouls. Like [NAME] or [NAME].,[11],eem4hjw,11
The Chargers defense looks impossibly bad,[ 9 27],edzrglx,9
beat kenpom #11 on the road without [NAME] or [NAME]. [NAME] big ten player of the year and [NAME] is a dynamite defender,[27],eebpp04,27
You have to assert dominance or they'll never learn.,[5],ef5y2rk,5
I love how happy the dog looks in this pic. 😊,[18],ef43xum,18
Yeah almost as unfunny as your mom 🤣🤣🤣🤣🤣🤣🤣,[27],ede38g4,27
Richmond & Weslayan. But I haven’t checked this year. Going to look this weekend...thanks for the reminder!,[15],ed6i2gp,15
"It's not really controversial any year, but he's commentating a game with [NAME] in it. He has the counterpoint right in front of him.",[27],eet4yks,27
That's racist.,[27],ee6cd75,27
This changes everything.,[27],eec8qje,27
"Thank you, thank you. More people need to hear this.",[15],edafmy8,15
...holy crap.,[26],ee5xtsy,26
Good thing he realized this was pointless before he resigned from his state senate seat. ^/s,[22],eeydlsz,22
just because someone is born [RELIGION] does not mean they have not explored other religions too. Not everyone practices blindly.,[27],edxxz95,27
"Yeah, I interact with less adults as a teacher than I did in any other job I've had in the past.",[4],eds0u7t,4
The [NAME] trade to get [NAME] wasn't too shabby either.,[22],eeqo9rq,22
...they were in the tree,[27],efaahay,27
But once again that is a problem with the people. So many just attack the people who disagree instead of the arguments.,[10],ees8uv9,10
Doesnt the bible have lovely passages about stoning hereticals as well? Moderate [NAME] are probably more common than you think.,[7],edw6mti,7
"after another rape joke, though I think both times he was quoting It's Always Sunny in Philadelphia. ",[27],ee1ubnc,27
[NAME] looks like he is about to commit >!1-2!<,[27],efgsxc4,27
"55 here. Of course, I could never catch me one of those wonderful incels.",[9],efbadjz,9
"Yes, I wouldn't have said it if it weren't true lol. It's owned by InBev which is a Belgian company. ",[1],edfzex9,1
"I have [NAME] hat so I could marry it, flip it and kill it",[ 3 17],eev8vlb,3
Famous for his 3-4 Defense,[0],ednhqdr,0
Trolls are not even trying anymore. Im offended by this half arsed attempt to get a rise out of me..,[3],ed9zbti,3
Weird how they shoehorned s character from an ongoing tv show into Celebrity Big Brothter. Glad they got rid of him after one episode though.,[17 26],ef8guz9,17
or just more competent.,[27],ed5s7s6,27
Everyone wants bama! I repeat everyone wants bama!,[27],edjdaep,27
I am sure the protection was from other males. How does hat change things?,[7],edd33xq,7
I want [NAME] to come back and do [NAME],[8],eeq2ajr,8
These questions tell you'll be a fantastic dad! Don't sweat it too much and make sure you enjoy it. They grow up quick :),[17],efb2fyr,17
"You didn’t change my mind, but that’s actually a very interesting thought “the Skywalkers are the imbalance”.",[0],ed9peb0,0
This offseason has been so upsetting,[9],edrn70e,9
It goes a long way to explaining American mental health issues. Have you ever bothered to read anything?,[3 7],eeq8vp0,3
TYT is a gossip shitpost panel for race baiting idiots. By race baiting idiots.,[ 3 10 11],edg81eo,3
"Yeesh, let her wallow then. You did the right thing in trying!",[4],edkdsg3,4
And this is a big part of why no chain supermarkets will open in 'underprivileged' neighborhoods.,[27],eday64c,27
"You're right, that's a solid advice. I will give it some time and if I am unhappy I will start distancing myself. Thanks!",[ 4 15],ed3mm40,4
It's no coincidence that I became generally happier when I realized that once I covered the necessities more stuff didn't bring more happiness.,[0],eev6bl3,0
"[NAME], let's celebrate together, y'all will be the king of New York. Praise Marks.",[13],efh06dw,13
Juve somehow still managed to get the upper hand in the [NAME] for [NAME] and [NAME] deal. That's some voodoo shit right there.,[27],eepqwww,27
Jokes on [NAME]. I only use Facebook to follow the defectives.,[27],efh2zyi,27
What a fantastic combover! What brand of comb do you use?,[0 7],eeuugsq,0
You are not to be truffled with!!! Good luck to you!!,[5],edpv3t9,5
"haha, actually haha",[1],edqdlsk,1
I feel like I’ve seen these before... but when I was very little,[6],ed4p5qi,6
This is so cruel. I literally feel physically sick.,[ 2  3 11 25],ee3dzap,2
"You can listen in the longer vid, chat brings that point up and he addresses the differences. ",[27],ed75m59,27
Maybe he thought they meant HOKEY!!!! Like “the hokey pokey”. Lol,[1],edh1zwa,1
"Is it just me, or do these children look really uncomfortable around the Duggars? The smiles look forced...",[ 7  9 25],ed116ki,7
The papers listed at might be of help.,[ 5 20],ednx4v9,5
It taunts you,[ 3 27],edl9q3n,3
Then when you dropped them that was it for youth group cred for the night. Lol,[1],eehy6p4,1
Last 30 seconds where [NAME] and [NAME] were silent to listen to the crowd gave me chills. Such a fun game and team! Aho is my dad,[0],ee01ndg,0
And now she works for King5 Seattle. She must have only needed to focus on being a Mom for a couple months.,[27],ef3urs0,27
I knooooow. I’m expecting more water splashes :p [NAME] I was not expecting a manga using the term *girlyboy* to actually be progressive.,[27],edrzs62,27
Don't they already have a decent backup in T. Hill or whatever that guy's name is?,[6],efbsuif,6
Yikes - I'm so sorry things fell apart for you and imposing a sudden hierarchy on you like that was completely crappy on their part.,[9],ef81r8m,9
well wj=h [NAME] allows evil and why he burns us..free will cant tmake sese from a god that KNOWS what will happpen,[27],edsclmt,27
Ikr. Who the hell goes to Greggs for *pizza*?,[3],edp80f7,3
*every single* patch,[27],ed8zzt2,27
Oh [NAME] why does he have to drag green day into this,[3 7],eefyosu,3
You are a Filipino leprechaun,[27],eeeqp9m,27
"Hey, I share a birthday with a legend!",[13],eeds0cu,13
The Blackweb screen protectors have saved my phone more times than I can count.,[15],edgd8ab,15
"Go twice a day, every day. Only way the bleeding stops. It blows.",[27],edibxny,27
"I'm a Broncos fan. I'll never, ever root for the Chargers, Chiefs or Raiders. Who the fuck would? ",[2],edjqtrh,2
"Nice play! But, why would u play [NAME], in tribute?",[ 0  6  7 15],eeayk1h,0
"Hey, I’ve learnt something here today, so thanks! ",[15],ed7vh0n,15
"LA isn’t some scrub team, a win here could really boost us. ",[27],edxa7ve,27
"And that’s assuming all your organs are in good condition, if you smoke or drink heavily you are likely losing lots of value.",[5],ed7b26a,5
I really love watching this one more than the goals.,[18],edjij1v,18
um what. no. not hmc.,[27],ef5ogvk,27
My mistake. Didn't see it was already posted. Cheers.,[22 27],eeplv1q,22
*Hey just noticed..* it's your **2nd Cakeday** [NAME]! ^(hug),[27],eez8dxh,27
"Fuck that, he can go to Cleveland with [NAME] on that bullshit.",[3],ee4rgm4,3
Fucking Synths. -[NAME],[2],ed67vcb,2
"I’m sorry, I’m my opinion it isn’t sweet. ",[10],efb111e,10
Yes it does. I kept doing this for 2 mins. But yes it can still be reassigned manually at the command center I'm sure,[4],eevt50a,4
*Hey just noticed..* it's your **7th Cakeday** Korrk! ^(hug),[13],eezfh6m,13
Thank you so much! This summarizes a lot!,[15],eeu8adm,15
"He was the best hitter in baseball 2017 ST. That's not a joke. What happened since is a few things, but he was.",[ 0 22],edsk2gq,0
That’s the most badass joke I’ve heard,[1],ed1dp2v,1
It goes away and can be treated. Once treated it would never return until she had another child.,[20],edc3wxr,20
"If you are into sours they put out some decent stuff, but anything outside of that is completely forgettable and average.",[27],edkqmxu,27
If you're going out with a big group then this doesn't seem so bad. Everyone gets something to eat and it's fun.,[ 4 13 27],eedix84,4
hey uhhhh I love you,[18],ednzjb6,18
"Okay *yes* but they say ""white people"" and not ""white men"".",[27],educgaw,27
what app is this? i see the layout every now and then i’m just curious,[7],edvf2v4,7
I remember when reddit's default subs suddenly turned from [NAME] to [NAME] in a day.,[22],edp6byt,22
Nobody does that!,[27],ee5dfej,27
He really likes Babylon 5,[18],efabctf,18
This literally broke my heart,[9],eesjsfv,9
How long do you think manga will go on? Its fairly long now at 216 chapters and I think it's in it's late stages.,[7],ef0yip4,7
Maybe I have inaccurate memories re: Carolina and Boston is a better third,[6],eebhhkr,6
House Freedom Caucus strikes again. Thank god we took back the House and don’t have to deal with them paralyzing government again.,[10 23],eduv7l3,10
"Don't listen to much prog or hardcore, I love some black metal though.",[10 18],edftk38,10
Doesn’t... doesn’t it take more time and work forging a signature and lying than just.. delivering the package at the front door?,[27],ee4nojc,27
Let me calm you down a bit:,[5],eeznhdw,5
Reddit is losing their heads on /r/worldnews and suddenly they're a huge fan of [NAME].,[27],eesqvs6,27
"Do all you can. Really everything is put in perspective, my work seems very unimportant right now. ",[22],eeiov4c,22
This is the best creepy pasta I have **EVER** read.,[0],ee29gfc,0
and there goes any hope.,[27],ee5g6mj,27
almost [NAME] can do it !!,[4],effoog7,4
"""[NAME], meet [NAME]"" love that show",[18 27],edyl8o7,18
"I'm not sure these guys are wingers, but other than that, I'm very happy so far",[17],ef535zc,17
Don't get down. You have only ruined it with that one person.,[27],eeye9u5,27
Where's your helmet?! Gotta love helmets.,[ 7 18],edd61a0,7
One more reason for us to have our own space program.,[27],eewlqbj,27
...a golden sex toy?,[27],eev930p,27
"Tell him to run over to the patent's office and copyright the name ""Green Goblin"" and I want a quarter every time somebody says it.",[27],ef3qaa6,27
"Yes, but assuming that our government right now wants students to do better might be a bad idea.",[27],eexicvd,27
"Idk why, but this is the one I love at restaurants",[4],eeteyb5,4
"Gettysburg is awesome, I've been twice. I want to go back as an adult! Have fun!",[ 0  8 17],edlfpxw,0
Every Saturday for the foreseeable future will be spent studying for the LSAT. Fuck,[3],edwlxld,3
"I'm in a similar boat, had surgery to correct Pectus Excavatum when in 2011, also 18 now, also deal with constant chronic pain.",[27],ed4scij,27
"Sorry man, I have no idea either! ",[ 6 12 25],ee9kqmd,6
"Don’t worry, we can be crucified together 🙌🏿",[5],edotgz8,5
When I was in Uni I worked in a call centre. Pay was better than retail but it was worse on the soul.,[ 9 10],ee729wi,9
She does't even go here,[27],eeimyix,27
Some pretty dark shit man,[0],eddq0cj,0
"Spoiler: I think they mean me, even though I would hope that is literally the opposite of what my comments have been doing. ",[20],eesje43,20
Sweet seats! You're lucky to have been there!,[0],ed1gey2,0
Oh I went to make soup and must’ve missed that,[22],eezgwst,22
The Homestead Crater is fun. I also like the Crystal Hot Springs!,[17],edfekd8,17
yes but this is a crazy person. That's like telling Two-Face he doesn't have to flip a coin before committing a crime lol.,[1 3],ef83a59,1
Hahaha aww Noo I love Belfast! One of my favourite cities hands down,[18],edyrkzi,18
"I mean it makes sense, they're into [NAME] because they totally dig the horribly socially stunted types so they love [NAME] for horribly traumatizing her.",[14],eduz02m,14
*Can I Haz Gold?* Don't actually please don't spend your money on crap like that.,[5 9],ee7p1oj,5
"He’s a troll from T_D, they come through every now and then to try to start shit.",[27],edpe7y3,27
"Ooooof, that’s annoying. I’m sorry.",[25],ee0z5jb,25
[NAME] said the GOP is the most dangerous organization in human history,[27],ee32d5g,27
Have thought most of the game was OK with some bad calls both ways... These last 5 min tho...,[9],edbhfze,9
"Everyone has a purpose, just have to find what that purpose is for you. ",[ 5 27],edjex4p,5
It could be worse. We could get [NAME] or that Philly traitor [NAME] back.,[ 9 25],ed5w03c,9
"Holy crap, what happened to that guy?",[7],eeqad2z,7
"It’s still not working unfortunately :(, you have a link to your YT?",[9],eers0t0,9
I'm proud that this is the first response I see.,[21],ef5pa4y,21
Trash princess makes me imagine a possum with a little tiara.,[27],edkspcw,27
The World Between Worlds veered worryingly close to this territory. Luckily it was handled well.,[20],ee7zn8o,20
I’m not sure it was [NAME] that changed the definition as much as it was the ATF.,[6],eeduh8b,6
So we can forgive her a little for burdening Dunder Mifflin 😂,[4],ee8qlsa,4
Florida. I moved up here and chose the best hockey team in NY/the universe,[0],edr9gz1,0
"Just being impatient here before the execution information page updates, but if anyone's bought it could you tell me how much health [NAME] new execution gives? ",[7],eeugqo2,7
She had it saved on her phone because she was too lazy to delete it. Thank goodness.,[15],ed9ubme,15
"Thank you :) I'm trying to hang out with friends more, I felt like I was quite distant from them because of him",[15],ed7zbye,15
"Not knowing what it is, for one thing.",[6],ef3u2gf,6
"Agree, she needs to learn to value herself. ",[4],edb0uxb,4
i really hope this is old and ironic,[20],ed3s65e,20
Post this to /r/MurderedByWords I legit wanna see the teeth mashing,[27],eem8sk7,27
"Your question was is 4.2 inch small for an erect penis, my answer is yes it is. ",[27],eeduazj,27
I’m clueless unless someone tells me straight up that they’re into me. But this may just be me,[6],ed10eyy,6
so cute,[0],edmc2yq,0
Yes they do. Thank you for the idea!,[15],eef9v2n,15
PLACE THE DEVICE ON HER HEAD HA HA HA TIME TO DIE,[1],ed2u4oi,1
One of the 7 dwarfs is called happy,[17],ef26hns,17
"Prove he harassed them. If there was actual evidence, I would imagine at least one of the kids would’ve put up a video. ",[27],eehl2jr,27
How to reveal you’re not sexually experienced,[6],efa9t9g,6
So everyone who suffers a family loss should be exempt from paying any bills etc etc For how long? A month? Three?,[27],ed899j4,27
"What does your statement even mean? It's a game set in WW2, not the war itself.",[27],edh9bsl,27
"Oh they are. They just represent a large group of racist, willfully ignorant [NAME].",[27],ef88nph,27
"That's scalie, loli, and gmilf at the same time",[27],eerd9bz,27
"""Time heals all wounds. Give time time."" Best of luck to you.",[15],ee2lul7,15
"That's good to know, then. You can eliminate that possibility from your mind. But gosh. I'm so sorry you went through all that... ",[5],ednoac0,5
All this guy did was ask what a bronie was. I'm not understanding the hate,[27],efeyepz,27
What dose are you taking and how long did it take to help? I've been trying the Lazarus 50mg/ml. Not seeing any obvious improvement so far.,[9],eewfryk,9
What is this from?,[7],eeg14mm,7
"hey, everything's okay right now? ",[7],ee6femf,7
Love your username!,[0],edpsqo1,0
"Convoys were the safest way to get cargo ships across oceans, so that would be yes.",[4],edwsgzu,4
It only got things right that were in the email leak,[27],eeh6zu6,27
"""Man is still the most extraordinary machine of all...And women are even cooler"" - [NAME]",[27],eetgj9w,27
Are you promoting sex outside of marriage?,[7],eeartrb,7
im not happy with tonight either but no need to make a bad situation worse by just bitching about everything and anything.,[9],ee5ukqu,9
I don't know who is dumber here.,[6],eeqtjux,6
yeah because 10 days ago [NAME] was still playing dumbass,[27],eda86vv,27
"Not heinous for sure, but frustrating.",[3],ed649az,3
I feel shot in the heart.,[25],eeneyfz,25
[NAME] you are a freak.,[1],edf26o3,1
Well one of them does anyway. His sister bites his ankles to herd him while he fetches.,[27],eduuu5r,27
Thanks! Here's hoping silly comic book shows don't trigger you in 2019!,[15],ed1aaig,15
Does this mean anything for the stability of Taiwan? Im going there in a month on a school field trip that could easily be canceled.,[7],edlxkyd,7
He was pointing out that they use the stadiums themselves since the football field itself is universal.,[27],edfqfnh,27
Thank you. Your suggestion is a better term. I don't think mine is a poor choice but yours is better.,[15],eei0pjx,15
This is hilarious. Great work🤣,[0 1],eeeqkyu,0
"Be fiscally responsible and you could save a couple thousand probably, while still enjoying much of what this wonderful city has to offer. ",[27],ef4cbwt,27
For those of us that need a little pain with our pleasure.,[27],ee3y5ml,27
"Doesn’t a disaster declaration at the federal level, which is a condition of FEMA funds, require the president to sign off?",[27],edo3o50,27
"7x04 for me, but I like the positivity. It was one of my best episodes of the season.",[0],ed7on3c,0
Last email i got was on Jan 27th on Sunday @11:22PM which is really odd imo,[27],efa8i8f,27
For me it is unwatchable after the greatness of the LD seasons.,[3],eefejcw,3
Hello. I’m sorry you’re going through that. Why do you think it’s impossible to leave?,[24 25],efcoa9u,24
Hot damn.,[0],effla1v,0
lol yep that is the case and has same taste in food as well!,[1],ee4whbt,1
What? Shut up?,[2 3],edyjuwo,2
"Aren’t property owners responsible for clearing sidewalks in front? The bike lanes are part of the roadway, and thus under the city’s jurisdiction.",[7],eeph29d,7
My man!,[21],edrach6,21
Because that doesnt create any unintended consequences,[27],ef4ragf,27
Knowing the only evidence they had was your confession: priceless.,[4],ed5s7qs,4
Or 800 $1 orders,[27],effxisn,27
"Because all they care about is themselves, and maybe their immediate family. Its the libertarian ethos - gimme gimme and fuck everybody else.",[27],ef1whxw,27
My god. I'd place that upside-down on the table and walk.,[20],edli3u9,20
Thanks for your addition! I didn’t know any mercy players who made good content for her so I left her out. Appreciate it!,[15],ef54m3e,15
I brought it back up they are with amway and LTD,[27],edyhl35,27
Wall St is scared of the 2020 Democratic primary.. Good!,[14],ef6cgws,14
"Low sex drive is not uncommon, but one must make sure that one never marry someone with low sex drive if sex drive is important to you. ",[27],eeongda,27
"Adding a few projectile characters only made the game better, not worse. Bars can go though.",[4],eegmp1r,4
Strip him. [NAME] for the belt.,[27],efcdnak,27
Yikes. That sounds terrible 😢,[14],eel223n,14
first time all season im kind of not thrilled with [NAME] post game talk. I wish he would have addressed the PP.,[8],edx7z3n,8
"No one is stopping you. I will laugh at you, but go ahead. ",[1],effg2u8,1
Thank you for the references!,[15],ee8i0gw,15
good guy kawhi,[0],edr9vzk,0
Well dang. Seems like there’s no tried and true method then.,[27],ed3zlsz,27
Well that isn't fucking creepy.,[27],eeydfpr,27
Looking through the lives of various figures of the New Atheist movement in the social and political change they sought to create and how it stacked up with reality.,[ 4 27],eetkkvs,4
100% dead as in I'm 100% killing her myself if I get the chance.,[27],ee5m0bm,27
"Nice try, but the only person this sub dislikes more than [NAME] is the [NAME].",[ 4 10],edfh3h4,4
Same! I don’t know how our elementary level colleagues do it. When I subbed in elementary a few times it was awful.,[ 3 11],eddvtmn,3
Poor dva keeps getting nerfed because she works well with every comp.,[27],eeqf86c,27
"Fair, although you'll get caught pretty easily like that",[ 4 20],eesc3qg,4
I appreciate the honesty,[0],edz8ayj,0
Tell that to r/Polygrumps (very *VERY* NSFW) dude. They scare me more than this sub.,[14],edu5jrd,14
Where does this one person every 67 hours statistic come from?,[6],edgs59p,6
"Oh damn, it’s gonna hunt me down. ",[2],efbinm8,2
Call me biased but St Kilda's clash jersey is the best thing they've done on and off field in the last two years.,[27],eeojp6m,27
"One of my favorite porn sites ever. If you're looking for good incest porn, it's the place to go.",[18],edbr8rd,18
Hey daddy [NAME],[13],ed89m1w,13
You commie bastard,[2],ediktvh,2
"[NAME] helped by hosting with her 12k? viewers from the drop event. But yeah, overall the viewership has increased in general. Which is great news.",[0],eduxq58,0
Was a great interview! Loved the segment on them asking about [NAME] and if he actually had to go to class haha.,[ 0 18],edtr97h,0
Not admitting you like something because some of the fan base sucks is pretty pathetic.,[11],edz7wvs,11
DonutLicious in Spring is the most gourmet one I’ve ever been to.,[0 4],ee1pft2,0
"Except he does literally every game, but not everyone can watch them. ",[22],eezs397,22
Me too. I love it!,[18],eermytl,18
We have youth and depth on our side. I feel good about what we have. If the Cubs have 2 injuries to their rotation they are toast.,[0],eey5ppz,0
"Really!? I thought it had, or at least it should. Guess I'm better off leaving too",[9],ef2vl4x,9
lol Holy shit.,[1],edlej8j,1
Oh boy here we go.,[27],edr91ai,27
"not sure if this is a joke, but if you've ever worked at a dev studio, this adds credibility if anything",[27],eesozua,27
"Lol ""progressive reformer"". Gotta love how gullible Chicago voters are ",[ 1 18],ed9y2xd,1
It’s nice to know that no one cares enough to send me either.,[9],ef0qawv,9
[NAME] these things were terrible. i presume they still are. #teamlemoncreams,[11],ee9d3z8,11
it’s amazing how he is already just about my favourite skater ever.,[0 4],ee2o9nw,0
I’m gonna put my soul glow on now.,[27],eeuhn1v,27
This makes me smile.,[17],eearlz1,17
"""I love ya, Mom"". Man, if I was his mom I'd knock him into next week.",[18],eehx4ld,18
"As well as this, tell others about your classes AND schedule. Your Fe might be weak but it still makes you do stuff.",[4],edoxoqp,4
FOUR?!?!? that's inhumane and unreasonable. We get 10.,[ 7 10 22],eequm7m,7
What do you hate about yourself? Here are my guesses. I need to know so I can waste your time and also make you self conscious.,[7],eei5ae7,7
NL West had 3 teams in the playoffs in 2017 and 2 in 2018......wtf you on about,[3],edlylg2,3
"Sorry, I don’t see a difference. If you are opposing people’s access to something, your opposing that thing.",[24],eeuw27r,24
*literally every political ideology*,[27],ef1qp5y,27
Bengals are a quirky breed 😸,[26],ee6s5pl,26
Are you pro fracking?,[27],eequpuy,27
I've never been more disturbed by a dog,[3 9],eddkt6s,3
"Yeah, I see you’re point. Thank you",[15],ed9wh9d,15
"i've definitely got better, the opponents just happen to be ppl dropped from gold or so",[27],eeea6dv,27
I'm just now realizing that I married a covert narc.,[22],ed244kw,22
"BTW your story really gave me comfort, Thank you.",[15],eek2ol8,15
so obnoxious.,[ 9 11],edfodq0,9
"But atacking it over and over again is considered griefing, you wanted to shoot fishes in a barrel over and over and got caught.",[27],ef439ts,27
That is genius.,[0],ef4f75t,0
Seeing [NAME] score on them was unbelievable. How embarrassing!,[12],ee3hl5g,12
"Love you, [NAME]",[18],edutvlf,18
Two twin mattress on the floor of my room pushed together. Luckily one of us has a particular love for the middle.,[18],eei3f7d,18
"No, not sarcastically :) ",[10],ed3ekca,10
Your stupidity and your attempt to reframe the argument when the facts are laid out clearly is astounding LOL,[1],edjqq7g,1
groceries are getting crazy expensive,[3],eev42ak,3
"I thought it was important to celebrate a person for who they are, not who they've banged.",[27],edkdo2i,27
She just turned her kid into a stew,[27],ee2igwl,27
This is his worst season since his rookie year,[11],eees7gz,11
im surprised you didnt try to go over her head to the owner or did he just not care about what the new GM was doing?,[26],ed00251,26
He was trying to move the gun away so that it wouldn't hurt anyone!!!!.,[5],ed71eue,5
Because most shit right wingers say is so awful that if they said it in a space where they weren't anonymous they would be fucking done,[ 3 10],edj5icp,3
Crows going to bounce back hard.,[27],edltoi3,27
"I'd give it a 6.9, based on the fact that he was still caught in the tree",[ 4 27],eesxn0v,4
"Almost like [NAME] culture is written to be offensive, what with the institutionalized rape slaves and everything. They might even be the baddies.",[ 2 14],eejenva,2
Lucky for me nothing just broke!,[27],eec67z4,27
The face in the bottom photo is perfect!,[0],eewm6sp,0
Hey! I’m watching this very episode right now! Haha,[1],eenlyqf,1
"Your art is really beautiful dude, it could straight up be in a museum ",[0],ef7bbx8,0
"The transit will be rapid until it, too, becomes bogged down by stops on every other block.",[27],eeb1l0f,27
here,[27],eewqydc,27
My fur son was the first I came out to. Most important also,[27],ef0b9fz,27
Without the stupid caption this is kinda funny,[1],eev00h5,1
Your sacrifice will be remembered.,[0],eei9npx,0
He’s a grumpy boyo,[27],edqvuqx,27
> a central bank that acts as a buffer between monetary policy and implementation. ... what?,[6],edu85nf,6
Oh I don't think so. I like AOTC and am looking forward to watching a 5 hour analysis of it.,[4],eczwfv0,4
No it’s a lie because he could not possibly have been in Vietnam. And he did not correct a single outlet who said he was.,[ 9 10],eeo0tvw,9
You could be right!,[4],eexpvcf,4
This is going to be a disaster,[11],eec1z73,11
I love that he wears the rad suits. You do you Mr [NAME].,[18],edckxx5,18
"Ah the ol' cucked boyo. Whatever after what I've seen you won't change my mind buddy, that's for sure.",[4],eem8v0p,4
Let their deaths be swift,[16],efex9wp,16
This live action version is good but whats the original anime?,[0 7],eecqkvu,0
wow octane is pure garbage lmao,[1],ee7oyt1,1
I thought he was trolling oops,[12],ee8sgaw,12
First impressions don't need more then a day. Not to Mention 10 raids and tons of pvp I'll be fine.,[4],ef7uoxi,4
"> Just name one review bombing that had no basis to its cause, i dare you. That was pretty damn easy. ",[27],efg0kiy,27
"When I opt out it goes back to old reddit, but the next day it turns back on.",[27],ednp9a1,27
"I like flirting so this is what I enjoy doing, plus ordinary flirting is outcome independent. Direct approach is outcome dependent. Either way it's all part of the fun!",[17],ee6u6q8,17
My brother fell asleep on the beach once and his whole back turned purple from sunburn and yours is still worse than his! My [NAME]!!,[9],ed2z9xi,9
Is there an all time favorite moment you can point to in your career?,[7],eeafovn,7
Where'd you go tough guy? You were talking so big before. Way to downvote and move on punk.,[3 9],edl8wqm,3
No it's laziness. People don't clean because there isn't an immediate consequence and the reward for cleaning isn't large enough.,[10],eek7kln,10
I think thats dumb and simplistic. You really can't boil down the sociology of race by comparing it to 2+2=4.,[ 3 10],edotu1s,3
He is a brave man to even have the courage to put this foundation on his face. I wouldn't have even if [NAME] told me to!,[0],edudsx6,0
"Not really someone I despise, but definitely someone I was ashamed of.",[12],ee3dzzd,12
I wouldn't think any less of him than I already do.,[27],ef6sjx1,27
he did alledge collusion on the part of the owners and GMs against the players. this guy colludes.,[10],ef7ke8z,10
"Can we change the ""haha"" one to when he was laughing about giving that scarecrow to [NAME] ",[1],ee8e583,1
"Sure, okay.",[ 4 27],eee01ax,4
"Like women don’t have enough things to be judged on, now everyone is talking about our eyebrows..this is the most ridiculous trend to me. ",[2 3],eevjr8t,2
What is this trash?,[27],edkn4mw,27
Bahaha I love that,[18],efe7v2e,18
VOLCEL POLICE!,[27],edop5hl,27
"Take your upvote, you no good bastard.",[2],edy47ix,2
"Do you feel like being with him is the only way for you to be okay, then?",[6 7],ef3k34g,6
This never gets old for me!!!!,[27],ef4l1tk,27
"You'll be stronger as you continue your journey, never give up",[ 5 20],eeiizmr,5
"I just popped a pill in my chAmpagne, she say she love me she don't even know my reAl name' -[NAME]",[27],eeqjpu1,27
[NAME] is the best,[0],ef0n93m,0
Never would’ve guessed that one.,[27],efaqnaw,27
Cool...so he threw 5 jump balls all season. He also threw the ball out of bounds about 60 times.,[27],ed8s72r,27
"Yeah, you can see the ball changing direction",[27],eewtwsb,27
That would be very cool and a nice non-HP bar visualization.,[ 0 27],ee2msue,0
Probably fans of aftv. Bunch of utterly dirty cunts!,[3],ef7h3mh,3
Like a glove,[27],eesqpp6,27
me as fuck,[9],ee3se8k,9
that's some nice evidence you got there.,[0],ee4nany,0
It’s good to be in good relations with other gms. The bulls basically did the rockets a favor. We got money and build rapport.,[27],eenkb4j,27
"I was just about to comment this. Pause in between ""but"" and ""why"" too",[27],eeq3ros,27
Have you ever heard of Occam's razor?,[27],ed2azde,27
Icing on a cake of sadness.,[25],edmnfzs,25
You didn't deserve to win after drafting [NAME] in the 2nd,[10],edqwurc,10
"Don’t worry, he’s more afraid of you than you are of him. Just act tough, it’ll work...maybe...",[14],edur2ks,14
People would still always parry them (600ms) :(,[ 3  9 25],ee1bqvq,3
"I'm not in the loop of this storyline as college has consumed whatever free time I have, so can you explain this to me please",[7],edvcsq3,7
No offense but...she's not pretty either so I'm confused why she'd say that car is only for ugly women.,[10],ef0jn0s,10
Stick around! Would love your input / POV!,[18],ef8nqf7,18
I just wished they took [NAME] with them.,[4],edemzl4,4
[NAME] did that to [NAME] and let's just say that didn't end to well for anyone,[10 27],efh1t47,10
Happy new year!,[17 27],ed077un,17
I’m just gonna go ahead and call bullshit on most of the details of this story.,[ 2  9 11],ef1rsra,2
"omg you got me, what do i do now, pls help",[13],efgzole,13
" cute, new driver still cares. Come back in 4 months and u will be showing pictures of that bag thrown on the trunk. ",[3],edeacxi,3
Now that would be an interesting game! Not quite sure it's the matchup I'm looking for though. Lol,[1],ed8d33s,1
heartless pores. “it’s just a volleyball.” it was his friend!,[27],ee1gv99,27
Story checks out.,[27],eecqa5f,27
"It actually amazes me how often children are more sensible than adults. Maybe it's because they haven't been corrupted by ""real life"" yet.",[27],eedjjp4,27
"Yes, they suck for making a profit off of people who are proven to be high risk. How dare they!",[2],ed67y07,2
And that whole [NAME] thing too,[27],efh0x96,27
Congrats and best wishes. Build on progress.,[ 0 15],edppxp5,0
"Agreed, but it took me a while to understand that.",[4],eesxzml,4
bahhhhh i didnt know this existed. i love/hate you. - [NAME],[6],ee59dt7,6
Great point.,[0],edi53jb,0
Wow... That looks great! Would love to get some actual vintage jerseys like that someday. Keep my eyes on eBay. Lol,[ 0  1 18],ed273dw,0
i smell a sitcom!,[27],eegafg4,27
People label him as hysterical but he’s probably one of the calmest amongst [NAME] on Twitter IMO.,[27],edmkqwk,27
"If your significant other had sex with someone after getting drunk, you wouldn't consider that cheating?",[ 6 27],edk4hx0,6
i didnt realize i was avoiding a question. i am afraid to talk to cops to be honest. even my own mother doesnt know what i saw,[14],ees0xpj,14
"""I'll leave I'll leaveeee!!!!""",[27],edn8ygm,27
"Play dumb all you want, you know what that has to do with it.",[ 3 27],ee5xsw1,3
"I hope he runs so he can lose decisively and we can get rid of this ""should have been him"" crap",[20],edwfngg,20
">Tua gave him a look, like, keep going ( ͡° ͜ʖ ͡°)",[27],edjdddd,27
What is the least confusing racism to you,[6],ed6hgq2,6
"She really does and She really isn't! She's an old, tired ass, busted up, con artist hoe!",[2 3],ee76yv2,2
"Fair, yes, [NAME] is against that, so a good transition on your part.",[0],ef2jtl9,0
[NAME] is so daddy,[27],ef17jcg,27
I knew I'd see him here eventually. I really like his animations. They're cute and funny,[ 0 17],eedf7pe,0
thanks! yours inspired my to post mine lol,[ 1 15],efb05zl,1
Glad to hear it's ubiquitous and not an OS thing.,[17],edqxlyw,17
Was not aware. I know it's bad but I rather keep my head in the sand on this one because I still want to like [NAME].,[ 8 22],eet2488,8
Good bot.,[0],ed9b7yp,0
Thanks!! Been avoiding this but I literally am in that area for the Elk pelt so I better put my emotions in a case,[15],edz1tbe,15
"You had me at ""fuck this winter"".",[27],efgpbsx,27
I had an ex who was [NAME] and a drunk and eventually got into crack,[27],eeuumjf,27
he refers to marijuana as a narcotic. da fuq??,[27],eesnb0z,27
[NAME] has 2 fouls and they don't force [NAME] on him in paint?,[27],ee0rg2p,27
"Whew lad they're bleeding employees, reminds me of [NAME] before they bit the dust",[27],eewulfj,27
You can smell the basement from here on him,[27],ee8ynix,27
He may have thought he had time but I really can't comment on his frame.of mind,[27],ed4w1sl,27
this is just brother and sister but with extra steps,[4],edcga60,4
"[NAME] has been really blunt about things lately, I love it.",[ 0 18],eeerb5r,0
"That's definitely sexism, same with that ad",[ 3 27],ees8qp2,3
A person can make mistakes. Doesn't make her a bad lawyer. Her career history speaks for itself.,[27],ee1kngn,27
I love Fate too. I hope you have a great life and that everything goes the way you want it to.,[18 20],edygyun,18
Clean it up,[27],eesvp0i,27
"I remember that. It was a crushing experience that started a whole other level of depression. But hey, maybe things will work out for you. ",[ 9 20 25],efen7m7,9
"It's normal, don't worry too much about it.",[4],edoz25p,4
Disinfected or sanitized maybe. No way an entire exam table is sterilized.,[ 6 10],edwp3ru,6
[NAME] hoping he's [NAME] mum,[20],eeiouex,20
I’m in one of those schools now got offered weed yesterday almost bullied into smoking,[27],eff5efv,27
[NAME] and [NAME] were always goldmines. They had so little air time compared to the rest but whenever they were shown it was memorable,[27],edzup9f,27
Surely a regime that would kill millions of people wouldn't *dare* tell a lie.,[27],ef6pxrj,27
Thank you. I’ve been feeling a bit better since they make people happier.,[15 17],ef1alch,15
"[NAME], Big Bang Theory is terrible so glad it's going to be gone.",[23],eek7x6k,23
[NAME] is the greatest player to ever pick up a basketball,[0],edcmieb,0
Yeah usually there are the c-1 but this go around this is what was handed. I like them,[18],eed4su4,18
Thats a good way to lose any good will free agents might have about coming here. Promise them something in a deal and then immediately reverse course.,[27],edu0gch,27
"me, eating my sandwich, at 12:30 AM last night, after fasting all day.",[4],eemyz11,4
This sounds like a great idea!,[0],eda0uma,0
I adore this comment section <3,[18],ee2ezcq,18
TYM is the best place for that kind of thing.,[0],ef07gty,0
"now when I'm off work I completely forget it exists, I love it",[18],ee6x602,18
Where did you see them? I’d like to watch too,[18],edap1i5,18
"That's why he's gotta go!! Yes, girls!",[27],eet6725,27
Have to love Billy's commitment. Absolutely hilarious.,[1],efg4uf3,1
Happy to hear this! Stay strong and continue fighting! We believe in you <3!,[17 20],efa14r0,17
Nope. What’s it about?,[27],edrz8ab,27
Hate to break this to ya but you are that guy [NAME],[27],ed9mh65,27
"Agreed. But considering their poor cars were carrying 1200+ lbs of weight, that might slow things down lol",[1 4],ee8t7nj,1
"he's gotta make shots and get to the line...2-6 so far, no ft's",[ 8 27],eet9a3r,8
I think the unluckiest... is [NAME]. :(,[25],edhpr03,25
If a player is eligible for the supermax and doesn’t resign the team that signs him forfeits there first round pick to the team who lost the player,[27],ef85axs,27
You become assertive and take back your share of the power and control over your life. Go get No More Mr. Nice Guy.,[27],eei22ry,27
their just mad because i love olicity and i think it's the best ship in the whole arrowverse. oh and because i think laurel is trash.,[ 0 18],ee379r3,0
And if that's the case then there is no helping him. It sucks that those people can't be helped,[ 3 11],eevtpqw,3
This is wack,[27],eeoqvap,27
ok. thanks for the info!,[15],efapz67,15
Thank [NAME] for the adult spammers on my susbscribed NSFW subreddits.,[15 23],eelctqa,15
No worries. Apparently he still loves Toronto.,[18],ed5yv4n,18
It was just for a short gag,[27],ef63ees,27
I thought he had a cool [NAME]. Was only slightly disappointed.,[9],ef71l8c,9
"Oh, haha Gladstone is a town in North Qld Australia as well... thanks Reddit",[ 1 15],ed1yq0g,1
"Oh hey, it is!",[13],ee8squ5,13
I love when people make proclamations without backing any of it up with examples or proof.,[18],ef87st9,18
My god she is desperate for a do-over baby. What a shrew.,[27],ed0mfd9,27
"This, this is brilliant",[0],efd6neq,0
"Cool. I'll have to keep that banter in mind for the next time it happens. Thank you for the response, I really appreciate it",[15],edzjlh8,15
Justice was served,[27],eerc23p,27
Having the company named after the founder is turning into a problem for distancing the brand from him.,[27],eed1t3m,27
"I like this sub, and I like you. You're alright. ",[18],ee6wq5b,18
Unfortunately not but I loved the saxy section and would love to see it again!,[13],edxo1s2,13
I don't think aspergers causes me distress or anxiety. I think having to live in a society that privileges neurotypical modes of interaction causes me distress and anxiety,[22],edr5kc0,22
"Do you want us to return to mediocrity? Why even put that idea out there, man? Trading away our franchise player like that.",[27],ef6gwca,27
It's mooching. Tell him not to be a freeloader and get his own Netflix lol,[27],ednjdip,27
I’m sorry that happened to you but it’s I can imagine I know if it was me I would forever feel Guilt.,[24],edjpdoz,24
"Weird, no formatting was applied. I changed to text",[ 3 27],eeu8esi,3
" No one makes that argument, though, except strawmen invents by the right. ",[27],edhdx6d,27
be your own goth girl,[27],edmupj0,27
"Meh, I'm actually pissed at some of the people I usually defend for getting excited about this too.... we did lose our data.",[9],ed999cx,9
Speak for yourself. Our defense crumbled under incompetency despite the talent they had to work with.,[27],edncazu,27
"I am real excited for this, I just hope they don’t ruin it.",[13 20],ed8wy2o,13
Is your PC beefy? It looks like Battlefield god damn,[3],edhy9od,3
Is it that common? Here on the tube on London there is barely room to breathe let alone spin so I guess we avoid this kind of crap,[7],eeqstmt,7
Come with me And you'll be In a world of pure ~~imagination~~ vindication,[27],eedam2p,27
Let's go pack!,[27],ee5uy98,27
But also: fuck the daily mail,[2],efhb6kc,2
For the people who love [NAME] or found their inner gayness because of him.,[27],edpiqpk,27
"Bro, people are telling you why a hundred bucks isn't a ""high fee"" for this type of event and you're not listening. Cheers. ",[27],efdij4t,27
Love anytime we can work [NAME] into a conversation.,[18],efh04ul,18
That was intentional as fuck. I don’t know how anyone could argue that after that insane contortionist layup over [NAME] last week.,[2],edsarhx,2
"Or, you can unsubscribe to the subreddit that discusses all the things you hate that actually pertain to the show.",[27],ed4s5rp,27
It really do,[4],ee6rr87,4
I don't know why anyone would willingly live in an HOA.,[6],ed5vot4,6
"It may have been funny in 2010, but now it's completely unorginal and boring. ",[10],edq8wfk,10
That was informative. Thank you.,[15],eed72tk,15
Your r/brogress post doesnt look dyel,[27],ed8sejt,27
Saving for later,[27],eecnzw1,27
Great to hear something positive for once! Was half expecting a negative rant. Yay for [NAME] and congrats to you.,[ 0 15],edlefk6,0
well there is something you cant say on this sub consider this strike 1,[10],ef5o2fu,10
When [NAME] like “should we have an alien baby” and [NAME] looked SO happy 😂💛,[17],eef56i6,17
"Also, on my phone this didn't show up as a ""cross post"". Sorry!",[25],ee90z9j,25
"Yes. ""You better settle down over there or I'm gonna come talk to ya.""",[5],eeycf6k,5
[NAME] baby where you going.,[27],eduvl0h,27
The whole country is an incompetent scam.,[27],ef8192g,27
"I mean, he's 6'0''. He just isn't thicc",[27],edllgj9,27
"Too bad he endorses seiko, this wouldve been a great ad",[10],ef5hb3v,10
*Get up and Drive your funky soul by [NAME] starts playing,[27],eey74ks,27
I used to watch it’s always sunny with my cat. She loved it. Now I can’t watch it without crying.,[18 25],efch02b,18
Amen to that!,[4],ed7tfmt,4
It was 90 degrees,[27],eesivh4,27
"Haha, nice try mom. *dabs*",[0],ee23g5i,0
This is something I try to do every day and it makes me feel so at peace,[17],edb1k6f,17
"Considering their plans, they won't have to spend too much time in order to consider it the rest of their life..",[22],eev89na,22
Thanks man I will check into it.,[15],edhtj95,15
This guy is in prison for meeting up with a 13 year old girl or whatnot btw,[27],edu4fwd,27
I fucking cant stop laughing. It's so bad it's good.,[1],eed2c61,1
"Guys help I can’t stop playing it, my hands are in so much pain!",[25],eed6rhp,25
One my favorite seasons to rewatch. All the glorious fights. [NAME] is forever a queen,[17],ee4pzic,17
I'm liking the bums,[18],ef5lzzm,18
"you go, girl",[27],ed1w3al,27
I’ve always wondered why they play at ear splitting volume instead of one where you can enjoy the music.....,[26],eenwuw6,26
She's on quite the journey of discovery about herself atm. Excellent meme-terial.,[0],edpniie,0
"Damn, for real? I'm 250 and drink regularly, if I pound two beers in under a minute I'm good for a little while.",[26],eemow5n,26
They’re letting teams get away with murder then they call [NAME] for that little touch foul. I don’t get officials.,[27],eenkfc5,27
I have a book that outlines why [NAME] reject [NAME] on the grounds of prophesies. Maybe you could work off of those?,[6],ed8yiyr,6
This must be where [NAME] got his alias from.,[27],edkqmay,27
I saw that [NAME] page was already updated with head coach of AZ as well.,[27],edlxy2l,27
I don't want a president who doesnt know anything about foreign affairs....no thanks.,[10],ee58g8l,10
Jokes about [NAME] hopefully being in MK11,[20],ef8htel,20
And oof for the red car,[23],ee2r6ec,23
This really shows how young and ignorant most of them are.,[3],eeeocjm,3
I hope we actually dont need to wait like 1 year for this. :(,[20],ee3w2wu,20
Facial hair ability: [NAME] Looks like [NAME] got a bloody nose a week ago and hasn’t washed the blood out yet.,[ 3 27],eelcprl,3
"Deluxe always need ingest people, there's also fairly regular openings for media operators.",[27],ef1tdw3,27
This was probably one of the best videos I’ve ever seen on Reddit. What an amazing story. Job well done. RIP Chief.,[ 0 16],ed5io70,0
So pretty! Great piping!,[0],edkol6r,0
local cannibal admits to son he robs graves of fallen soldiers to make his hot dogs,[27],edcusno,27
"Ok I'm pro-vax and totally uninformed, but 7 shots in a 2-day span seems like a lot, is that normal?",[27],efg8moh,27
Thanks this was a cool article. The Shedd means a lot to me as it was where I went the first time I met the love of my life,[15 18],ed32812,15
I reccomend the lego movie!,[4],eeb9m4v,4
So then what are the odds the refs had money on the game and a vested interest to ignore calls?,[7],eelnont,7
"To be fair, [NAME] told her he had a gf. Also, barn girl tried to kill him. Very different situation. ",[27],eetap0z,27
"OMG, how did they do that? I mean killed Petunias. My pot is from Bunnings as well.",[7],edkzurj,7
"Despite how selfish that seems, I respect the honesty. ",[0],ed8r7nm,0
I’m curious as to how many people they’re going to interview for the OC job. Maybe 2-3?,[7],edugkfw,7
"It's not deep, it's a proverb. Actions speak louder than words. He's just paraphrasing something everyone is already told",[27],ee3vahv,27
Nothing should be off limits.,[27],ef7bsxl,27
it's quite cruel and a little late for him to be worried about hurting her,[27],eenpq3j,27
The new movie doesnt even look very good honestly,[9],eemg9of,9
Are u gey,[7],ef1tu1f,7
Too sore to make dinner tonight. Wong's Kitchen it is!,[27],edvc975,27
Ouch! My hear sank. Don’t do this to me.,[2],ee9zdd8,2
"Usually they ask, and the generic is almost always cheaper. It's shitty of them not to ask though. ",[9],ed772g4,9
Thought I was...it boomeranged on me and I am suffering immeasurably right now. Thanks and I hope your day was good.,[15],ed1ny47,15
I don't have a problem with it if its a cheese or charcuterie board,[4],ee5tqqq,4
"Oh, [NAME] ",[27],eddikqz,27
Comment [NAME].,[27],ef4wkdy,27
It is a great line though!,[0],eel7wby,0
I can feel that man's feelings and I'm crying,[25],eeoko07,25
"Thanks buddy, looks pretty cool.",[ 0 15],eecc8fm,0
Imagine being so retarded that you believe [NAME] is a sadist.,[27],edoo3mu,27
You okay?,[5],edr3jdl,5
"That's a minor to moderate concussion for sure, with a possible skull fracture.",[27],ef8ce1b,27
"Your mental health matters the most. You can't help him more than you do, but you can help yourself. ",[5],edfoz0d,5
Shame is a powerful drug,[27],edebj9x,27
"A ""Texas DUI"" sounds like a weird sex move. ",[11 27],eefqdfh,11
Seriously! Like can any foreign power just come in and appoint a president?,[ 7 26 27],eeutp6h,7
But huge in the market 👍,[27],edakm1d,27
i luckily became really good friends with one. we definitely helped each other process our pain from him... so surreal how well they spin those lies,[3 9],edoy3u0,3
I'm gonna pm you :),[27],ed4j0rc,27
The whole Summerside area is a wretched hive of scum and villainy. Source: I live in Summerside.,[27],eepfig3,27
Anyone staying up for [NAME] [NAME]? Probably gonna go in and out of sleep watching on the couch,[7],ef2shct,7
This offense is just painful to watch.,[11],eeqkfii,11
What have you censored?,[7],edx33xa,7
">Bad request. this is some dank-tier meme that I'm not authorised to see, thanks [NAME]!",[3],ee4m0kf,3
One of the best single-hour segments of the show I've ever seen! I hope the next two are just as good! Let's go!,[27],eeeq6gn,27
"You said an untrue thing. Own up to it, asshole.",[3],edfo0dj,3
Well rock beats scissors,[27],ee6wta6,27
"Oh thank you for the name, is there any way to get rid of them? ",[15],effe2d2,15
Good things take time.,[20],ed6p2ev,20
Didnt even know that was a thing.. yeah well ill probably never be a public figure so it doesnt really matter i guess lol,[1 6],eeofpo4,1
r/funny shouldn't be as popular as it is. Lots of unfunny stuff there.,[27],edafnyu,27
"She just likes to fight, don’t worry about her. She crazy! ",[27],eeyi5vr,27
Partywolf had 178 losses in a row? Are you seeious? I can't believe that,[7],edp7qgs,7
"Yeah, sorry, I was on the mobile site, and wasn't able to delete it.",[24],ef00c7a,24
He’s so eager to please! This trait in dogs is so endearing.,[3],edhecot,3
You know what? You’re below average in terms of going to cinemas,[27],ed6r31y,27
This comment has been removed for breaking rule #8.,[3],edsmt6r,3
Uh. Okay. I dont thats likely to happen. Even when people were eating babies it was not die moral reasona,[10],ef49z37,10
So basically you are trapping him to save your feelings while he suffers in a relationship that you don’t even want.,[27],eda088o,27
"Born in Jersey, live in Kansas. I love my Lions. I was also 5, hated the Giants and liked the Lions unis. ",[18],ee0myba,18
They’re well on track to getting that superpower by 2020 slot,[13],eff25k0,13
Yeah it was a fun game. :D,[17],ed9q5mz,17
Well I just love it when my Squad Leader puts the order on the Opponent's starting flag for the whole round while we lose everything else.,[18],edgiibo,18
I got 4 wheel drive bro!,[27],ef7tbbw,27
"Damn, chairs can communicate with eachother now? What a time to be alive!",[3 7],eddwwas,3
Oh. That is unfortunate,[25],eej9ste,25
Ok but what if you hire him into a management position. He makes women feel uncomfortable and a discrimination suit waiting to happen.,[11],eeknrt3,11
"I love it when ""bad"" picks actually have fucking amazing ganks.",[ 0 18],ef390aa,0
I wish I could forget about the redesign. Sadly reddit is adamant about reminding me all the time it exists.,[8],ed2i6oj,8
He looked pretty into it when talking with [NAME],[0],eczvy95,0
"Yeah, I started to see that as a better option from reading these comments since I own most of the house anyway. Thanks for your advice.",[ 4 15],ef7bqqt,4
I guess I’ll stay friends with her. Heck I’m a guy I can take a hit if she wouldn’t date,[20],edtu4b5,20
I’m uncomfortable just looking at her.,[19],eeg7x55,19
"Mate, you're proving my point.",[4],edo5u73,4
[NAME] doesn't get a vote [NAME]! Get the fuck out of here with this nonsense.,[2],effgrgh,2
It was the worst cinemax porn I've ever seen.,[11],edcobri,11
Give it time.,[4],ed3jupa,4
This happened to me 6 months ago and I am still hurt and actively trying to talk to her... Idk how to stop,[6],efd8bwd,6
"The world is backwards, nowadays. Where people defend _GaNgStAs_ because it's culturally and politically correct, and then shame those who protect and serve. Makes me bleed rage.",[2 3],eeswopa,2
Not the best in the world but he can still claim to be the biggest draw. Red pantie night is very real,[27],eewe9m1,27
Oh okay. Thanks.,[15],eernx0g,15
The extra B is for bargain.,[27],eetzry7,27
Just remember I love you,[18],edl4p8u,18
LMFAOOOOO that’s when family guy was still funny,[1],edxz28x,1
"He's the only dignified politician, but it's still bizarre that people can be so enamoured of a literal [NAME]",[0],ee9sf8k,0
For the same reason that you desire for people to explain things to you for free: to gain knowledge that benefits society.,[27],eed7wku,27
"Vanity is a sin, [NAME] wants us to hate our bodies",[2],edtpktu,2
"Really wow, what a steal",[ 0 26],ed4gjwi,0
This is why nobody takes feminism seriously!,[27],ee5e8v0,27
I heard Netflix was cutting a bunch of content so I'm going to cancel and drop all the content myself! 4d chess move baby!,[10],eee8dd2,10
I love this. [NAME] bless [NAME].,[18],ed6ftm1,18
"Yes, you said you are dying, I cannot do anything about that, hope you find peace",[ 4 20],eda6nep,4
"You are laughable, you will defend this backup until he's gone.",[27],ee66dhk,27
Taxation is not an aspect of socialism,[27],edjipmw,27
"Bring it on, I’ve played enough PUBG for a good pan battle!",[27],edb9p9q,27
"HAHAHAHAHAHAHAHA 1937 - 2016 = Polls not very accurate 2016 - 2019 = Oh yeah, polls have evolved, they're like super accurate now ",[0 1],ee70qnf,0
"Hi dying, I'm dad!",[27],edse9bc,27
I'm 50% convinced this is [NAME] posting and I'm here for it,[27],ed7ymsa,27
">Yes, I know that you like to talk about yourself a lot :P I do use a lot of words. It's actually embarrassing. ",[12],eeetvyk,12
5 years for a guy who will most likely break down physically before year 3. Awesome move.,[0],eevdm3z,0
Be free!!,[27],edzbu29,27
They are looking pretty stacked this year,[0],eeajkb5,0
Are you live streaming my living room right now?,[7],ed9szaz,7
"Because he thought he could do it, but he couldn't make himself pull the trigger.",[27],eeciv20,27
"That’s cheating, gotta make a decision ",[3],eenxiah,3
As wholesome as that is... How is that a confession? That's casual discussion.,[27],eex0nwy,27
"Very. As a side note, what, do they not expect heavy traffic on that bridge? One lane only?",[27],ef0fhdw,27
"Look at their post history, they're just spouting nonsense to get a rise out of people. Dont be the guy that falls for it, its embarassing",[12],ef0pptl,12
You describe yourself as your knowledge of Asian languages stopping at knowing they exist? How did you know it was Mandarin then? That's impressive.,[0],edaqzmd,0
Omg like if you read this in 2019😂,[18],efbh6c8,18
Not a woosh but ok,[27],eert7ck,27
"Short answer, you can’t. Your making that sacrifice",[10],ed9iarl,10
"Well, that's mean :'(",[27],edt717l,27
Looks f*cking delicious,[ 4 17],ee0riz9,4
That is a very handsome dog.,[0],edb46h1,0
"Nope, but I'm sure it was mostly sales, you can lose a lot of clients if they lose the salesperson they have a relationship with.",[10],eepux2b,10
Really??,[7],ee7ka2f,7
Except it destroyed 76% of America's scooby snack production. May Shagster have mercy on us all.,[25],efailte,25
I had to put Bird Box because it's the only direct to streaming movie I saw. I feel dirty.,[11],edplrk1,11
"[NAME], that's pretty damn good for a state like Virginia, which, although not a swing state anymore, was red not so long ago. ",[0],ed8y5tr,0
This is currently my situation with Metal Gear Solid,[27],eedpuax,27
Sounds like a really bad time. Just wait till you have a nice time and place to trip.,[25],ee9aj79,25
That looks even smaller.,[27],eet8biz,27
The best album.,[0],ef7ez24,0
I’d love to flatten [NAME] emotions.,[18],edik18f,18
This argument makes zero sense. The same tax exclusions and exemptions that were around when the marginal rate was at 90 are not around today.,[2 3],edhpuwc,2
"Shouldn’t have told them how much they cost, as they advised they knew they were expensive and that it was ok. ",[27],edjbiys,27
Where on earth do you live that newborn non drug exposed babies up for adoption end up in the foster system? Sounds pretty optimistic on her part.,[7],eeacsmc,7
i think [NAME] and [NAME] used to be married then he divorced her when he found she was cheating.,[27],ed1bzjg,27
Says who?,[27],edh827l,27
"What should be the campaign is telling people that just because you find a child beautiful/pretty, it doesn't mean you're sexually attracted. ",[10],edgpgi5,10
Good luck don’t get discouraged you can do it!!!,[ 5 20],ednc2ru,5
True Story! That's the sad Part of it...,[25],ed8m8b5,25
"""vampire [NAME]"" ",[27],eewz2qd,27
"Meh, same branch of religion. Just opposing views on the sequel to the story.",[10],eepfu24,10
Omg this is so amazing ! Keep up the awesome work and have a fantastic New Year !,[0],eczwg8f,0
So I've just read your whole post. Wow. Your mum is a piece of work.,[ 0 26],ef8o0xv,0
R/T DIDN'T WANT IT!!!!,[10],edpjd0y,10
It shows that the factors are so stacked against it that it must have been intentional.,[27],edjaatx,27
This is the most adorable thing I've been made aware of. Possibly ever. You are being super sweet.,[0],ef7kl8s,0
But also the smell!! People go past KFC and say Mmmm I must get some lol,[1],ef621wo,1
Makeup is magic my friend!,[13],edzanv4,13
"Yes, please do. I'd appreciate any help.",[0 4],eeqv4yx,0
That [NAME] laugh gets me everytime. League pass commercial breaks are the best.,[0],eehkv8v,0
That's awesome! It's good to have supportive people like that in your life and around you.,[0],efakfxk,0
Today I wish I were a black bear.,[8],eef0gvy,8
That's a great point that I never thought of before... possibly nobody has!,[0],edqwso9,0
I wasn’t even expecting the reply that’s why I’m literally bamboozled.,[26],eebeh17,26
Media often loses me around the point where an incredibly depressed begins the long march to happiness cause I can't imagine myself doing that,[27],ed9fzyt,27
"Nobody is forced to use pronouns by law as he's claimed, it's a blatant lie he made up to further his agenda. ",[27],ednvanc,27
drink ur milk and you'll grow to be a big strong man,[ 5 20],ef2rdrz,5
"You don't know that, he might have been stocking up on ketchup packets",[27],ee8bspu,27
"FUCK, THANKS!",[15],edhtwzd,15
I think this does help less good pupils to learn it better and agree with the teachers. In my class thats the biggest problem when it comes to french,[ 9 20],efdoqd7,9
"That's hilarious, and a much better way to play doctor than some of the kids I've heard of! :)",[1],edcqldi,1
"i dont, whats that",[27],eewgdwc,27
Future is bright to me!,[20],eeb11v0,20
And our bishops will take his side. We're surrounded.,[27],eeqdcec,27
this would work!!,[20],ed6pe46,20
Wait. Mr. [NAME] was in Got!,[27],edb1h6o,27
Yes but [NAME] advice is better then some randoms lol he was one of the leagues best ever defenders,[0 1 4],eeuo7sw,0
"Some of my fraternity brothers came over, but I’m not sure if it makes a difference ",[6],ed4thg4,6
It's amazing the advantage that you have when you advocate for the ruling oligarchs.,[0],eesx544,0
The reason I play quickmatch. I wont feel the shame..,[4],ef6dpsf,4
"The service made it 20 years ago (1999, yeah ikr 1999 was 20 YEARS AGO?) ",[7],ed5gkhe,7
To bad your mother didn’t swallow your dumbass,[2 3],eekjdkz,2
That hurt too much to watch twice.,[25],ed8v3mf,25
Forever alones your army needs you and your lack of attachments,[27],ed7jgcw,27
>I just wanna let you know your beautiful I don't appreciate being lied to!,[15],ee1emju,15
Turkey bacon is some worst processed food. Enjoy,[9],ee3la1h,9
I thought Detroit or Oakland . . . and both have fantastic areas despite what pop culture might lead you to believe.,[0],eexgdyt,0
"[NAME] isn’t a rookie, he played last year. Was pretty average but turned into a true RB1",[27],edufac7,27
We need more vowelled insults so you can spell an Acronym with them,[8],ed3g369,8
I love when kids get cocky and then fall / get injured. That first kid's smile and face plant is just the best.,[18],eekzamr,18
Seeing the Reverend talk to his son like that always made me feel uncomfortable but also mad.,[3],edmsdss,3
"No way. [NAME] was annoying. Arizona left a huge gap in the cast, she was great ",[0 3],edvosxw,0
Thankkks and np,[15],ee0wpbz,15
Reminds me of the dude who was hit on the back/side by a RC helicopter.,[27],edhovok,27
Scat will NEVER be my thing. Or vomit.,[27],ed2oyx3,27
I accidentally swiped. I don't have time right now I swiped for ego and got it so I don't actually want to talk to anyone.,[2],ed5uxoi,2
This would be a good thing. I want capitalism to die.,[0],edsujbr,0
Sweety she called it P.H.A.T. Cause mawma ain't nothing wrong with being P.H.A.T okur.,[27],edz2jsc,27
ROOMS TO GO LOUNGE TIME,[27],eeqn255,27
Or he just tired of her and this cute chick just slid into the DM just in time,[27],edhihv7,27
I'm not even surecwhat it is why do people hate it?,[6],ed2v1mt,6
Holy fucking shit,[2],ef7djs5,2
"This team was nowhere near legendary, filled with legends sure, but incredibly disappointing.",[9],ee4rq2t,9
And you don't take delight in seeing the person you love in pain. Amen my dear!,[18],ef6dheq,18
Dude I hope you get help and get clean again. Best of luck to you.,[20],edir95s,20
>marry up tho Except it's more cruel for men now. The men who the said women are seeing are most certainly homeless/broke chads.,[27],eebjv4t,27
Pant full of turd.,[12],ee0k0p5,12
Watch the [NAME] fanbois raging on the thread.,[27],ee9p3mg,27
Here comes the “Trade Nylander” crowd - people can’t see past the stat line.,[27],edj5324,27
It really is. [NAME] was seriously exposed.,[27],ef6j489,27
"Man, this is awesome but seems bittersweet after NYE. It was loud as hell.",[0],ed3ccqs,0
Absolutely gorgeous pass by [NAME],[0],eda33j9,0
That +8 really made the Bucks lose the game today.,[27],een9dyt,27
"Other than Moose, the American Robin took me forever to find.",[27],ed4irrn,27
Keep yourself occupied go play videogames or something that really occupies your attention,[5],edfsdh9,5
Isn’t that the plot from truth or dare?,[6],ed6ih69,6
they dont have to buy all of it.,[27],ed5ls7o,27
"Lmaoo the comment posted 14 hours ago gets doenvoted, but the same exact comment posted one hour ago gets upvoted. What??",[ 1 27],eercjpf,1
"Lightborn, [NAME] Demise, Look at a wall, Bait out the flashlight person, Slug. Wow, so hard.",[1],ef89a0g,1
"The Four Agreements is amazing and life changing. I don't keep that many books in my library, but this one has made the cut.",[0],edep4fo,0
"By ranting aimlessly on the internet about it, obviously ;)",[2],edp4m3v,2
Thanks for the link. She actually likes some of the stuff!,[15],efaunrh,15
Just go home already.,[27],edtzjsy,27
Excellent find. Panels like these are a very deliberate writing choice.,[0],ee9g7sg,0
I was worried about that too honestly,[14],ee6fu0y,14
There's DOJ guidelines that he cannot be indicted.,[10 27],edperd7,10
"A girl has grown up a lot since she was a 12 year old on the show, and she's grown up to be so beautiful as well.",[0],eeg52n0,0
Homing pigeons make the best SOs,[0],edlrc44,0
"Wow, you probably live in a messed up place.",[20 26],ed3t8ky,20
Also checkout the forkdelta market:,[27],eedqcx7,27
It's fairly good,[0],edmsc0r,0
Wiggs stop that thing you do with your tongue man.,[ 3 10],eel281u,3
"I know that, but it just reminds me of darkest dungeon too",[22],eehqdwn,22
It is so good to hear from you. Stay safe!,[5],edne6fu,5
"They 100% know each other, maybe not personally",[4],eeoynmp,4
"I’m sorry you were down voted. I am asking for real honesty, so thank you for telling yours.",[15],eczp256,15
"In all seriousness, glad you're all okay and that you shared this awesome story. Congrats btw. ",[15],ef6is0y,15
Fuuuuuuuuuck that.,[2],efef5zj,2
[NAME] in Richardson gets my love.,[18],ef86ndv,18
Wonder how much meth it would cost to get the dentist to give him a new tooth?,[7],edvaxk1,7
School Board Trustees are leeches of the system in any district. It's the most unnecessary position that does nothing more than continuous damage.,[2 3],eegt0p6,2
I want to clarify that I am NOT scared. I punched the mirror because it looked at me wrong.,[2],eekmcmf,2
It feels to me like your Dean has some baggage and you shouldn't let it weigh you down.,[5],ed3oxm7,5
"Oh I love flirtationships! This is normally us, but work takes us to a long distance relationship half of the year. ",[18],efdqmtz,18
True :/,[27],ee42vul,27
[NAME]? (joke),[7],eddbp05,7
what are the grey states,[6],eel6lr1,6
I refuse to accept that,[10],edjq2rs,10
That's gonna be a no from me dawg.,[27],edqpw04,27
Three words for you. Stand your ground.,[27],eepdyyh,27
Ladies and Gentlemen........We got him,[17],edroive,17
"You’re disgusting. I hope your wife finds somebody much, much better than you.",[11 20],eel2vqh,11
My coffee burned its way through my nostrils. Thank you!,[15],ee78a0x,15
"Wow, essential oils can now replace oxygen",[26],ef79gzm,26
Given the politics of the time that wasn't unreasonable,[27],eddhksg,27
Been a weeb for yrs and i still cant understand besides a few phrases,[6],eehx07n,6
"Yeah I did think that was the case, thank you! So excited to see my new Capstan!",[13 15],ee1mww3,13
Dude has come up big in big situations time after time. To doubt his talent and clutch ness is dumb.,[0 3],edpupdk,0
Yes!!! He was my #2 choice. Love this hire so much and we don’t have a coach with a sketchy past,[18],ediobgj,18
What are the odds it isn't someone on this list? I don't remember if the [NAME] hire was totally out of the blue or not,[6 7],edbunbf,6
Thank you for your concern fellow conservative,[15],eehzn4l,15
"[NAME] is an **integrity** man. Without it, there is nothing. edit 1:without it, not with it, sorry typo",[0 4],ee75985,0
Fair enough. That is a form of cuckery I cant approve of.,[10],ef7mgg9,10
"""Don't worry honey, I'm not drunk. ... Of course I'm not cheating on you!""",[27],efc1f8y,27
i cant i have asthma,[10],ed2xinj,10
I hated broccoli until my parents tapped into my obsession with dinosaurs and got me to pretend I was a brontosaurus,[2],ed67cm5,2
She's a freedom hating commie is what she is. Of course the media loves her; she wants to dismantle everything that made America good.,[27],eere0ky,27
I thought it was gen 2 that was affected by the dead batteries due to the internal clock?,[22],eecnlt5,22
Hell yeah! I can't wait for the rust to break off and for people to be as excited as they were years ago.,[13],ef12vos,13
This subs favorite game.,[18],eenis28,18
poor mod :( i guess people arent allowed to leave this sub if they are vegan,[27],edqxkmm,27
What does that mean o____o,[27],eehjljz,27
Already I can can hear the screaming and howling of the neoliberal right. They will amuse me.,[1],eez85aq,1
I loved [NAME]. He didn't seem evil at all!,[18],ed3fflw,18
I can't believe that you trusted Napolean and Kip to feed Tina.,[27],edx2e69,27
I'll take the Akot 3 but man that shot is ugly,[11],ed732fm,11
"Haha, this is awesome, this sub is usually full of terrible stories, it's great to hear a nice one once in a while.",[0],efh337s,0
Or that's just another terrible problem with the template,[3],edgbxqg,3
I don't think I'd like that either.,[10],eexbm6k,10
This is amazing. Love these edits.,[ 0 18],efcx6lo,0
Maybe next time if you have 20K CAD keep it in actual bank instead of a crypto exchange.,[27],ef48n6w,27
Yeah what kind of loser writes songs about girls,[6],eed35sz,6
Do people really have that big of a problem with border security? Lol fuckin children,[1],edr5x1l,1
My mother did this. This isn't just a millennial thing.,[10],edj8em4,10
"You can call me a bitch, and it's cool because you also aren't expecting me to pay you for doing it.",[3],eewz4by,3
"[NAME] loves [NAME], because [NAME] loves America and protects us from the tyranny of evil men. [NAME] bless [NAME]! [NAME] bless America!",[27],edksrx1,27
I don’t get it :(,[ 6 25],ed7w3oq,6
I bet the same person rails against monopolies.,[27],eelikhd,27
Cook it in a round dish. The taste got confused because of corners,[27],eez6144,27
this is the type of high level discussion I come to this sub for!,[27],edorrea,27
Completely understandable. Lots of players who are new and don't realize how big of a distraction that is,[4],ee3pdwk,4
Something like that lol,[1],edl268t,1
"As a matter of fact I do plan to go to germany, and I am already at B2 level in german",[21 27],eevi8zi,21
What's worse is getting in a car that isn't yours,[12],ef39akv,12
"My ctrl+f on 'made man' and 'unfireable' both came up empty, not sure why they're appearing in quotes on the title of the post",[27],edu52qj,27
this aint it chief,[10],efb41lw,10
there is no compromise with people who hold the American people hostage for something the American people don't want. don't negotiate with terrorists.,[ 3 10],ed1jmin,3
"Yeah, it’d be weird to have two green arrows running around. ",[11],eew7no2,11
Is it... alive?,[7],ee03adm,7
[NAME] is so cute! And [NAME] is a very dashing name.,[ 0 27],efcgei5,0
"Lmao it wasn’t free, we were stealing",[ 1 27],ee9wosj,1
OH MY GOD OH MY GOD CONGRATS!!!!,[13],ee169pr,13
"[NAME], u are a real piece of shit",[27],efbnnq5,27
Avery - responsible coke users,[27],ed0gs7l,27
Okay that makes more sense to me. Thank you,[ 4 15],ef0h71x,4
There’s very clearly debate or this weird one-sided propaganda thread wouldn’t be necessary.,[6],edik34x,6
Please wake up,[27],ee5huyd,27
">you said that other-country feminists cared about poor women and American feminists didn't Kali... you know I didn't, more or mostly does not mean all..",[27],ef04i3y,27
That entire family is so embarrassing.,[12],ed10y07,12
Money is always going to exist sorry,[27],ee76hh9,27
"When they touch my arm or shoulder while talking. Usually they do it with no sexual intent at all, but it still gives me butterflies. ",[13],eem3f55,13
You: I'm an athiest [NAME]: idc,[27],edjz1tn,27
they were very hot for me half way in the year now diamonds seem dead opened 200 packs last week got 1 diamond,[27],edyki2a,27
Yes. Ask him out. Give it a shot. Talk with him.,[27],efarr87,27
You'll win in the long run by not shutting up.,[4],ee2tl38,4
Nothing like stealing a comment from the lottery thread..,[27],ef2cura,27
"[NAME], she said the same laughably ignorant thing about unemployment as you... so you have as much expertise on the topic as a 29 year-old bartender. ",[27],eeze19d,27
"In such a polarized time, we can all recognize each other's common humanity in the fact that no one likes [NAME] best. ",[27],efh32oh,27
dOn't eVeN ThInK AbOuT It.,[27],ed4432r,27
That's just a tad frosty. I'm ready to ice skate to work on thursday amsterdam style.,[13],ef2i2ph,13
">arent as attractive as their peers Except for the women who date older RICH men, those tend to be more attractive.",[0],edsc40y,0
you can’t duel yourself you walnut,[27],ee3p3fu,27
Yeah what do they expect? maybe they should realize if you push Gen [NAME] and under into poverty they won't be able to afford your crap.,[3],ednfo20,3
Hers are just terrible. I’ve seen the look great on other people.,[0],ed533es,0
I hope it goes just as well. Good luck.,[20],edkskky,20
Because I don't like being fat lol.,[1],eed9rw4,1
second this <3,[27],eelgu57,27
"There have been multiple threads about this, they can't afford to move up. It's not financially feasible.",[10],edo9szo,10
"Technically, that time passed a very long time ago. She might not have much of an option anymore. ",[27],edrh2oi,27
You deserve better. Good things will come. Hang in there.,[ 5 20],eebjvqj,5
"But tbh, i dont think i am disgusting, but my feet still get smelly after a while ",[11],edwwvyl,11
So you're proudly ignorant. Cool bruh,[ 3 11],ef8tyy0,3
"Yes. Many wedding parties don't know what to do with the ring bear after the vows, so there are many up for adoption.",[27],eep7mot,27
This is great news. Congratulations!,[0],efef39y,0
I threw my only book away so I could go catch Pokemon creatures,[27],ee8w3pa,27
"I thought I couldn't get more depressed about last game, but.....",[ 9 27],ede3mst,9
we will see I hope your right. all we can do is play our best.,[20],edoj69i,20
"I watched that worm fish sauce thing. So gross, disgusting, bleh, NO,NO, and HELL NO!!",[11],ee24om2,11
"Phsyically, not mentally or emotionally. It's literally only been one week since the end of episode 2 and the start of episode 3.",[27],eeun40s,27
Tell them personally how you feel and that you want things to change for better,[8],ef1w3ax,8
>as a part-time Knicks fan Join us! Become a full-time Nuggs fan!,[0],efhbdi5,0
i’m with you bro best of luck🤞🏼,[4 5],edn4ff4,4
Ain't that the truth. It has turned into one old big propaganda/commercial machine.,[4],eeyhcid,4
They wanted all the shows to be based in New York. Seems like a weird reason but that’s what [NAME] said,[8],eeavtgp,8
That is the squeal of a kid who gets whatever he wants.,[27],edvgfd9,27
Plant 3-0. UZ is just coming in without jabbing getting caught,[27],ee0tgtg,27
"Gotta love guarantee. You should come over to amtrak, at most crew bases it only takes two years to hold a job.",[18],ed6936f,18
FWIW I had a terrible series of experiences at CFA and would never recommend anyone with anxiety go there.,[14],eerxd26,14
Or is innocent but an enemy of [NAME],[27],eezkn2p,27
"Cant agree more on the first part but for the last, it comes out too harsh.",[ 3 10],eddd9oc,3
"Poor lady, she was the mother of a friend of my wife, and she went to school with my father in law :(",[25],eew50i8,25
And then the rest of that thread devolves into [NAME] supporters arguing against and downvoting anyone who disagrees with the wall or hates [NAME].,[ 2  3 10],ee69qhz,2
Friends from college is like that.,[27],ef8rej2,27
Sadly this is how you get shit fixed,[25],efcg0d7,25
Ohio is weird.,[27],ee3cgx8,27
maybe next time you should do some fucking research. prohormones will shut down your test production,[3],eerptxz,3
This was the scene that hooked me on the show.,[0],edv965k,0
> To bad everyone is to ~~weak and comfortable in their homes~~ slaving away in an open air debtor's prison to stand up to the government ftfy,[27],edg6vtt,27
The mods deleted it I'm sorry,[24],edwx6mb,24
Happy Birthday! ✨,[ 0 13],edy43lr,0
I like [NAME] :(,[18],ed6qbga,18
He also had a huge game. He was taking advantage of [NAME]. So without him this game isn’t even that close.,[27],eetmx7n,27
Imagine if we dont trade [NAME] and [NAME] fans just kill all of us.,[14],ees5l2x,14
That was the chillest Sharks GDT against an Eastern Conference team in a while.,[22],ee6dv3m,22
"You're right, but you forgot to mention they are registered [NAME]",[ 4 27],ee68wff,4
What about hot water?,[7],efge66t,7
"Yup, that's exactly what happened when the alt-right took over the sub. So glad I won't get banned for saying that now.",[17 22],eex7bhm,17
When people ask what the show was like back in the day before it went national— that is the closest it’s been,[27],eedee6e,27
"It was tough at first, but I'm slowly learning to love again.",[18 22],efh06qr,18
Sorry buddy I think that one is permanently dead. :(,[24 25],edj59i8,24
I think by and large it encouraged men to become better betas.,[22],eeucsrw,22
Alright well nice discussion for sure. Think this just gave me an idea for r/changemyview so thanks for that.,[15],eeer10a,15
"No Greece is full of poverty, I understand the confusion though ",[6],ed7mk8e,6
"Prices there appear lower than Banff and it would only be a short drive, thanks! I'll continue my research into Canmore.",[ 4 15],edmusd7,4
Welcome! I'm a fellow INTJ-A female. Was also lonely for a long time. :) It's great to feel home!,[17 25],eels2xt,17
"This sub blows, and you’re on the wrong side of the circlejerk today",[27],edmvavn,27
"All without a red circle, color me impressed.. ",[0],eeze3o6,0
I would have thrown them out sooner for all of the childish things they did.,[27],eem71t5,27
He only said that to piss [NAME] off because he wanted her to kill him and put him out of his misery. He’s a good guy.,[0],edf8gsj,0
Wife of a lawyer. This is correct,[4],eeqxup6,4
She was HOPING she was gone!,[8],eeeoavh,8
Almost forgot to check if it’s dead. Edit : NOPE!,[27],edpsphr,27
And why are they trolling i. The first place? Care to exain the reason?,[27],ef1g09u,27
Me since 2011 and still going strong :),[27],eeyqbtt,27
There were rumors for a long time to work out and I ended up making it smaller.,[ 9 27],ee8gra9,9
Thank you for sharing!,[15],eczxcyw,15
Was pretty confused about a random guy having dinner with [NAME] until I read your username haha Congrats for Arctic btw!,[6],ee42o47,6
100% yes,[27],ef89zdh,27
"Tell us more about this ""scaring people as a prank hobby"" bit.",[27],efhbbty,27
And he be like - great and you? I'm like Great. And the conversation ends lol :-),[1],ee3253o,1
I don't like [NAME] but I'd never wish this fate to any parent.,[10],effba0q,10
Every hit should add more and more screenshake. What a tool.,[27],eehv2im,27
Paying respects?,[6 7],ed0hoq2,6
Does anyone notice how his voice always changes when he’s trying to be cute and charming.,[ 7 27],eff3n38,7
Dogs get itches every now and then and use the ground to scratch it out. But usually it's on dirt not asphalt.,[27],ed6ugqi,27
Of course! You deserve the recognition and exposure. Your work is extremely comforting !,[0 4],ef9ouxa,0
Your username sort of checks out? Lol,[1],edpyn20,1
this is the best thread ever i s2g,[0],eezev4f,0
You can take those inserts and shove them where the sun doesn't shine. Begone anti-vaxxer.,[27],eei3y4y,27
[NAME].,[27],edla3jy,27
Do it :) You’d make my day!,[20],edp2271,20
Thanks! I'm glad you got a kick out of it.,[15],ee6ofvw,15
I know right I was very disappointed when I saw who it was,[4 9],ed1h3e8,4
"Yeah, I don’t get paid 30 million a year to get my a** kicked.",[27],ee6co25,27
"If they want the situation to escalate, they may just keep nagging me and wait for things to tip over.",[3],ef5ckhd,3
Well I *assumed* so...,[27],ef8lrrr,27
"Nice watches, Id love to get one if they were a bit closer to my price range",[ 0 18],ee80tp2,0
I love Crimson Skies.... That's a completely fucked thing to do.,[18],ef7zc5q,18
BULGARIA!!!,[27],ef4kihg,27
Exactly. It just shows they can't make a good argument.,[ 4 27],edpakzs,4
For some reason I always thought that was [NAME] unless if I'm remembering a different play,[22],edlqrpw,22
He's 34 years old.,[4],eds60eu,4
Ah I didn’t think of that second definition of end. I like it!,[ 0 18],eeyx0k2,0
Enchanted - [NAME]😍,[18],ednfxt4,18
It's a miracle,[26],edrp4x5,26
You need to look up what flaming is. Don't get offended just because I'm calling out 14 year old boys like you.,[3],eei0s2m,3
[NAME] and [NAME] made their own beds with their own actions. But I agree with this too .,[4],eefozst,4
I don't see anywhere in her post where she says that.,[27],eemtisq,27
"Presumably he was more excited about making her stay with some pedo jerkoff fantasy of ""Stockholm Syndrome"" .. oh she's staying cuz she looooooves me! ",[27],ee3psm6,27
How though? I srsly don't get it. Seems pretty racist to me.,[6],ee2i3od,6
"I don't think you can afford a lawyer. If fact, I would not be surprised to learn you don't actually have anything on QCX.",[10],eebtflo,10
Wonderfully said!,[0],eez5a8b,0
If you would do exactly as that kid did - then you will never get it. You’re defending a smug little asshole.,[5],eeke4pp,5
Might not have fallen if little miss [NAME] didn’t have to pull her skirt back.,[24],eemgmjd,24
Well if you're in the plane I assume a boot in your ass to get you,[27],eeyiwfc,27
The pistons are aggressively mediocre which sucks. [NAME] has been awesome but the rest of the team is horrid,[0],eeukytl,0
"oh, so he is insane?",[7],ee5kz0u,7
"I think he can be much, much better than [NAME]. No doubt. His length, good defense. We are talking about [NAME], right?",[0],edo84te,0
"I loved shooting if we were gay and 6969. The peanut butter took a while, but was worth it",[18],ed4b36p,18
What. No.,[27],eet4rye,27
"Yes, this is karma farming and it is disgusting to do that, BUT the title *could* be correct. It probably is made up though. ",[ 4 11],ed2g3n6,4
"I don't care for [NAME] but I still love this. Like it or not, he represents us.",[18],ee481kb,18
"i mean i hate these takes that because we turned the ball over 26 times, the rotations werent a problem. They clearly were",[2],eczorzh,2
NSW Police have always being great with the current memes. I wouldn’t be surprised if it is a 15 year old running the page.,[0],edp8lj0,0
They do in the common tourist hotspots where our undesirables travel.,[27],ef4t3m6,27
Cardinals/ [NAME] MNF. Give the people what they really want!!,[27],edljn2d,27
5. Very likely,[27],edpbl7b,27
">I want to believe that everyone deserves love They absolutely do! And he loves himself enough already! Too much, in fact.",[ 4 18],ee219nn,4
I cant even deal with this you are fighting with someone over your inability to understand a sooooooooooooooooo is sarcasm. Get some help,[ 3 10],ed4xbkw,3
If the anime really ends that way there’s no way I see [NAME] and [NAME] get back together.,[27],eer9t7j,27
I'm sorry [NAME]. I won't do it again.,[24],edkvzc2,24
I wonder if this is why the universe keeps expanding. Because we're constantly filling it up with new words and new sentences.,[26],eeajk2v,26
The fact that this hasn’t happened to [NAME] yet in this day and age is simply incredible.,[0],edl8zej,0
"She doesn’t have to be added to the game for her to be significant, [NAME] was just an extreme example.",[27],edojska,27
that's why im here in the overwatch university subreddit you fucking idiot.,[2 3],eex2fxc,2
"Yes dude, exactly them who didn't call the pi that would have ended the game.",[27],ef34752,27
i just wanted to thank you. it took long to find a place where i can voice my thoughts,[15],eeyxs00,15
"I'd like to think [NAME] is joking, r-right guys? ",[ 7 20],eetlubh,7
Yes! Tell us E.V.E.R.Y.T.H.I.N.G! She’s horrible but also very entertaining!,[ 1 11],ed9ybpz,1
"Did you really upload a video you took, of your own cat, to whyweretheyfilming? Seriously?",[ 7 27],edf0hqf,7
That's my horse!,[27],ed7hs36,27
I actually have the complete collection so I can play any of them when I want to!,[17 27],eemi479,17
The funny thing is [NAME] would probably be up for it. Let's do it! LoL sAiNtS,[ 1 20],eepwisg,1
Best rapporteur ever? [NAME] and [NAME] from Outkast.,[7],eeyht37,7
Federal employee here. My amazing tenant offered to pay two months in advance to help with my cash flow.,[8],eec5nxg,8
"Thank you, I will def look that up. ",[15],edb6mnu,15
Fry a egg with that bad boy. And you got yourself a nice breakfast.,[3],effh8rd,3
* hugs you * there you go bro.,[27],eecpgcj,27
"Yeah, just wanted to do it myself. Not gonna though, after the concerted demoralization from commenters. ",[4],eduyt4b,4
"i had one but it kept buffering and drove me nuts, caved and went to a lakers stream :/",[27],edezn2b,27
"This game is so good, nearly every dc character you can think of is in it",[0],ed2ug0m,0
Lol he did didn't he. Sounds like a race to the bottom.. filled with cockends,[1],edhjjsv,1
"If you want to play with people, use the call of duty discord as they have a lfg for zombies, and it is pretty active. ",[27],ee748aw,27
The lesson is to not take 4 Ambien. That is just stupid.,[ 3 22],ee3ig9s,3
"Ugh, I have 2 cats as well and I wish for this every single day. I am, so far, constantly disappointed.",[9],edyct46,9
There’s no where for him to play. He wants to play [NAME] and that’s taken by [NAME]. We have [NAME] at 3rd.,[27],ee7l06p,27
"Thank you so much, fehduhp! I will tell her this. ",[15],ednlixb,15
"Oh well, very nice then :)",[0],eeqlpxs,0
"The one that just happened, at the blue line, practically a tackle",[22],efer3kx,22
Omg sorry I just laughed out loud and also died inside for you.,[ 1 24],eeynub8,1
"Thanks, I hate it.",[ 3 15],eduv4xq,3
The Nexus 6 is my favourite phone even though its a few years old but no one knows Moto or Nexus phones so.....,[18],edcfv20,18
What was fluky about the 2012 Quakes? They won fair and square and they did it the MLS way,[7],edoxcyw,7
"never had a problem with the way my cannabis only joints burn, so no need to add anything",[27],eefjb8o,27
Drink. Watch hockey. Eat. That's what I do.,[ 4 20],edfwexo,4
"I hope you bundle up too, Mr. President. ",[20],ef8e4px,20
Happy Birthday!! It was great seeing her at the Royal Rumble and SmackDown.,[17],effg0lh,17
"As someone who could totally eat three donuts in a row if I let myself, the amount of sugar this woman consumed still struck terror into my heart",[3],eeat2o7,3
wasn't that a while back?,[27],ed778k4,27
you'd have to help them get past [NAME] extremely tough immigration process,[5],edg7u9q,5
Anyone considering bed - we all knew coming in that AO means two weeks of no sleep. Persist!,[27],eefmrpm,27
`YOU WILL DIE IN 5 SECONDS`,[27],ee8hc91,27
"I lost it at “wait, what did I do?”",[6],ed6d6e2,6
*Hey just noticed..* it's your **8th Cakeday** [NAME]! ^(hug),[13],eeqcuoj,13
Very good points. Thank you for sharing that!,[15],ee0kykb,15
Noted. Thanks for the suggestion!,[15],edg66lk,15
I miss seeing us capitalize on our rivals’ slip ups,[27],efe03tx,27
Did he run them into the car? It hasn't been proven that he was holding a gun. As of now it is only on the kids,[7],ed3qdjm,7
"That’s an interesting point, thank you.",[15],efgg8w6,15
Detroit can be interesting...,[13],ef43ix0,13
Real Person. I'm just saying I like the merchandise.,[ 4 18],edxfw8k,4
SmH iS ShAkE mY hEaD,[27],ef9p2lw,27
Captain you ARE wrong. You’re wrong nooption to argue. I have the final rule ! Nope not gonna listen.,[10],efbgrsd,10
DJ finding consistency makes me happy,[17],ee0a5yp,17
better yet. cancel your subscription to Netflix and go for a walk. much better for you anyway.,[4],edb8aul,4
[NAME] was not aware that I had managed to diss the entire New Labour legacy in so few words but you read what you want to... hun?,[1],edk8uty,1
I don't understand why [NAME] is starting it on the feet..,[6],eenzsxm,6
"No you don't, you love lies and liars. ",[10],eezokjr,10
cool cool...,[17],ef9tfnc,17
They’re trying to escape the crushing oppression of gender roles. It’s not a fun sexy fetish to them the way it is to TiMs.,[27],eduetxb,27
"Desperation is unattractive, stop being so desperate. Love yourself before you can love someone else.",[18],eeohhy0,18
I've not- I'll have to put it on my watchlist.,[8],edqkpau,8
Pretty convenient my drool hit the upvote!,[4],eds3k26,4
Give me [NAME]. We need some thump when we clear the benches.,[4 8],ef4bpxo,4
[NAME]! I told you it would come to this. I was right. The [NAME] are taking over!,[20 27],ed3n4hi,20
"#Art by Smouii on Paladins , [Find the artist on twitter as well",[27],eelp6n7,27
How does it actually work? Thanks for the response; aspiring entrepreneur with no knowledge of corporate finance,[ 7 15],edoaqld,7
Change the channel during the NFC Playoffs? Hey did you ever pay that ticket? No? Just wondering....,[7],eezmtzq,7
"""Didn't know you can predict the future""",[26],eddmawp,26
Damn. Didn't know [NAME] was still making videos.,[26],eemhqta,26
RIP. Sad for his family and the bull riding community.,[25],ee7gc2u,25
"It's just wholesome content, from questionable sources",[27],eegqtlr,27
"Afro samurai lol, that's pretty interesting never new they actually existed. I'm woman though so that wouldn't work for me ",[10],ee8sfza,10
And you're competing for moral high ground on the internet. Hope you feel accomplished.,[20],eec49g9,20
"Well, dig him out of there!",[27],ed6enly,27
The point is no 13yr old is perfect and shit happens that doesn't mean they were scumbags that deserved to die for making the wrong choice.,[9],ee0lolg,9
[NAME] plays with [NAME] for 2 minutes and he's already doing outlet passes lmao,[27],edllzis,27
I changed team snapchats name to “Bae❤️” so i get exited every time I get thing from them.,[13 18],ee13w6g,13
I don't like this gif and that makes me a [NAME] supporter? My argument has not once brought him up. You are an insidious liar.,[10],ef7ttc1,10
Gotta love Texas high school football for exposing me early.,[18],efarrhc,18
I love the thing. My jeans get all loose feeling after I wear them awhile. I feel skinnier when my jeans fresh.,[18],ed3sggp,18
So you're saying my man was murdered...,[6],edyipyh,6
"100% agree. Double standards are ever present. Young girl is sexualised, the whole world goes nuts, but a young boy is somehow perfectly acceptable. It's disgusting. ",[ 4 11],edxgtb8,4
That would be awesome,[0],ed45gu1,0
These leaks are actually very credible. It's sad that you guys let Hate and anger blind you from enjoying the experience.,[25],eezt0vb,25
Mauston and Monticello were the beginning and end of my hope,[ 9 20],eet5inc,9
"Find some good rats bro, and just run thru them man. I mean just plow thru them and get your sex game up. ",[27],edaxifb,27
[NAME] creeps them out.,[27],efh0r9h,27
Seems very very aggressive. I would love for you to be right.,[4],edrfy8a,4
I didn't know [NAME] was in a j rock band,[26],ednq21c,26
[NAME] would laugh and hang up if this was the offer,[1],ee4ppgn,1
So really no difference from fox and CNN today...,[27],edhwg8l,27
Omg I'm crying and shaking rn [NAME] would never say that,[25 26],ed27fml,25
Stop it don’t tell the outsiders.,[3],edagmdh,3
Ha ha ha ha ha ha!!! Thank you.,[ 1 15],eezhme9,1
"It's much more common in English than in German, weirdly enough.",[27],efa9zyr,27
"I'm not sure anyone has asked, and feel free to not answer. But is your feeling that the team definitely favors [NAME] right now? ",[6],eenubik,6
I for one am with you on this train. I loved [NAME] man but this sub is losing its damn mind lol,[ 1 18],ed3wu6q,1
Yes you should tell them and report him to the police for dating someone underage and giving her cigarettes.,[3],edpqbkw,3
It's wonderful and gives me happy happy feels,[ 0 13],efh7l5u,0
Hot damn it takes some real self-confidence to say you can't do things in MS paint,[ 3 10],edq8fcy,3
"That sounds really helpful, thanks so much",[15],eeoyvj4,15
"I am so glad they didn't have this attendance in my day, skipping class would be impossible.",[17],eer260v,17
The real [NAME] is always in the comments. Thank you internet stranger,[15],eff0eat,15
"Or you could treat them as regular people and not judge them off their intelligence, then it wouldn’t be a problem ",[27],ef74r6w,27
He’s one of the calmest goalies I’ve ever seen in general haha,[0 1],ee98inu,0
One more pos to add to the heap.,[27],ef9vxli,27
"Their behavior? Going to campuses to talk about fiscal responsibility and [RELIGION] values is something that is bad? You’re a bigot, just admit it. ",[3],edd7tbi,3
It really do be like that,[18],ed0j3lf,18
That happens to me even when I’m not stoned‍♂️,[27],edp014g,27
I love when you get the text afterwards - my last donation apparently saved a life in Cairns! Really cheered me up actually.,[17 18],ee9nbyn,17
SHE BETTER NOT SNITCH ON HIM HE WAS JUST LOOKING OUT FOR HER,[27],ef3mm6e,27
"satisfying, really.",[0 4],ed7euhq,0
"Of course I have. It’s nothing, absolutely nothing like this. Its just a few much bigger pieces that break apart now.",[10],eepoak4,10
I meant after tech school but thanks,[15],edoi3ko,15
Oh look me,[27],eec65sn,27
This is like someone saw that scene in There’s Something About Mary where they wanted more foods to be cone-shaped and really kept it with them.,[27],edljn7e,27
In shock and was more concerned about my kid tbh. Now off course I wish I'd sued the arse off her for emotional distress.,[26],eee9x1k,26
"Don't fight reactionary idiots in public sure sounds a lot like ""sit down and shut up"" to me",[3],efdtf83,3
"This was posted, word for word, on r/CrazyIdeas not too long ago. It's a joke",[1],edigfv6,1
Rip ok lol,[1],edanaml,1
"I don't know what region you're in, but it's less than 6 dollars on the WnW website, Target, Walmart, and Amazon!",[6],efassro,6
That's the longest dimple I've ever seen>,[0],ed9ltj9,0
Me and my babyboys safety word is Obama. But I like yours too.,[ 4 18],edl45g6,4
Maybe we'll just stop moderating for a while to celebrate TWOW.,[17],edqfnrl,17
I came in here to ask why he’d drive so far to see a movie about testicular torsion,[7],ee5mbfj,7
who was [NAME] #2,[6],eeyjfwu,6
Welp....I think your question came across as judgmental. Why did you ask it?,[7],eecuajb,7
Somehow this hurt more than the Saturday game.,[9],edm7tnv,9
"No, but she's lived in Chicago longer than I. ",[10],eeuc3vi,10
We really need to go on some sort of winning streak,[8],ee1xh0r,8
Standard and Poors 500. Stock Market Index. Similar to Dow Jones Industrial Average.,[27],ed6er9i,27
Hold on to your butts!,[5],eeu0ii7,5
"See, this is what films lack nowadays, taking real risks with implications of [NAME] on Animal fart sex. Bravo [NAME]!",[3],ed5p8cm,3
"Sadly, it looks like there are a ton of [NAME] in this sub",[25],edbwl1i,25
You got a license for that sarcasm?,[7],efdtff8,7
"Doesn’t sound like it’s going to work out, sorry dude",[10],edjh15k,10
"One time, she punched me in the face. It was AWESOME.",[0 1],eerdoku,0
"Exactly....we need a car tunnel, and then let the old road to be allowed for truck traffic.",[27],eczg8gf,27
"Alright, see ya man",[27],ee2yb8n,27
Was just in the Grampians over the long weekend. Haven't been there in 20 years. Still love it.,[18],efevjs2,18
I hope G2 such a great org,[20],eemvtze,20
That’s bull crap call.,[ 3 27],edbk0qv,3
Weather forecast for Minnesota area. Wednesday -15 to -33. Sunday 43 to 29 and rain. What the fuck?,[2],efflymc,2
Then we shall duel for it. *Good Fight!*,[0],eetbwi6,0
I don’t think there’s enough to make a canon implementation of Cyvasse but it looks like there are some fan-made ones.,[27],eepxkao,27
[NAME] receive the maximum sentence and her jail mates know that she kidnapped a child.,[27],eekxi2q,27
"[NAME] I didn't know this reddit, the comments are wonderful.",[0],ef1ssr1,0
"Nothing is wrong with hugs and love, but most adults need sleep too.",[18],effzl53,18
"As much as I love the dodgers, I can’t see them in the World Series 3 times in a row... so yeah, backwards.",[18],ee4q06w,18
Same here. Waiting for the doctor rn. Hope you're ok,[5],efagwps,5
Yes! [NAME] was heavily involved in a murder. Why does everyone forget this? Now he’s all over tv and a darling.,[27],eevdha0,27
All the best!,[5],efa9h5r,5
That's interesting! Here I am having been saying I grew up near the original all my life. I will correct my story.,[13],eej2fl7,13
Haaaaa this was just on OZ the other night. Thanks.,[15],ef7p0ef,15
"You can't leave the ECHR while a member of the EU so they are not ""totally separate""",[27],ee1cmpx,27
So glad I have a 20 minute walk to work up in the Bay Area.,[15],efddbgs,15
He's a garbage person. It's very disappointing. I liked him so much before.,[9],ef9qyfi,9
HURRY HARD!,[27],ed8ss7d,27
"Although cool, it is not a bridge, it is road through snow.",[27],ee4jpy1,27
Because I've heard Him speak to me and comfort me.,[4],eeifd2h,4
Then getting irrationally angry when they don’t see it your way.,[2],edb8u2w,2
"That explains it, I rarely report people anymore This Khajit informs the other Khajit that it is welcome",[15],edry9su,15
Hope it works for you OP.,[ 5 20],eelsm8p,5
His truck was never used by ISIS.,[ 4 27],ef961d1,4
Nirvana is a great band but a good chunk of people in their fan base are just awful (underratedly awful),[0],edlt3np,0
But we libertarians are incapable of blindly voting for a bad candidate based on party! /s,[27],eeqlhs7,27
Injury history alone makes him super unattractive.,[10],eev5mx9,10
aries actually haha,[1],efdtnah,1
You two are on lists now.,[27],eenuk4d,27
Are you [NAME]?,[7],eeda3xf,7
"What am I missing here? It's a noun, so no past tense?",[6 7],eewho6h,6
Thank you!,[15],ef2mr95,15
"It's about fucking time, hope this is real.",[ 3  8 20],eeuoyeh,3
> for solo players Play. Mercenary. Playlist. :),[27],edsu2r3,27
How the fuck is that not ticketable.,[2],ed5judt,2
I'm pretty sure you killed me. I got killed by a pounder on a plane on that very same map 2 days ago or so lol,[1],edhbzqc,1
Yep. I’m an introvert with a big group of friends. I get tired even after spending just an hour with friends sometimes.,[27],eeigczo,27
It’s up to you to fight it in court if you didn’t do anything wrong. And your word versus his.,[27],edxu4vg,27
I know. Imagine calling your kid [NAME]..,[27],ee1cx1m,27
"Was about to say, if that guy is going to remember the amazing Kansas 2007 season, can't leave out our 06.",[27],ed2j3rr,27
Keep falling for the kind that aren't even interested in relationships. 🤦🏻‍♀️,[ 5 10],edz6b9h,5
I've tried this and I chipped my tooth on the tiny fork cause I'm used to plastic lol!!! I'm a mess,[1],efbijli,1
Mmm.. that would be a little bloody... I think I have a new fethish...,[27],ed3rujm,27
TIL I’m the only 34 year old that listens to rap music and everyone else listens to bands I’ve never heard of,[27],eefjrky,27
That’s his dead cap to the Steelers. We’d take on about 14 mil at that point.,[27],ed3p2st,27
Or if she even has any...,[27],ed7wfit,27
As if the sweet release of death is *worse* than getting stuck behind some idiot,[27],ee4bier,27
I have too much hair on my body to do this.,[27],ed2o4n0,27
I cant stand [NAME],[10],ed8yumr,10
Guess I hit a triple,[26],ed65bb0,26
TY for the encouragement! ❤️,[15],eefgsta,15
Good on ya my man. I too am excited for some game time this weekend. TGIF,[13],eedlm62,13
Good to hear that! I’ve seen many ppl trashing [NAME] customer service so I was kinda worried,[14 17 19],eel48kq,14
What’s worse is that the judge and businessman are old college buds.,[3 9],efe7zhq,3
Expect a bunch of bugs as a reward.,[8],effuhnm,8
I think [NAME] does a great job! Can't believe she's 56...she looks amazing!,[0],edh3neo,0
Once we win week 1 next season this sub will turn around lol,[ 1 17],edp46z6,1
"Glad to hear it’s open again, great spot. I still class climbing Coonowrin as the stupidest thing I’ve ever done.",[17],ef334gi,17
>not to a non negligible extent buy a thesaurus,[27],eddql9v,27
Fuck this boring ass 9-5 corporate bullshit. I feel like starting a podcast about the Bulls.,[3],efg0iyo,3
Older nurses seem to have less tolerance for the bullshit of hospital work and move on once it gets to be too ridiculous.,[3],edtbwuw,3
I’m feeling the same about the nets and hornets. I’m only worried the hornets can’t cover,[14 19],ef6723g,14
"Thank you. I’ve been doing more research about today, there’s definitely a lot to consider.",[15],eezdxbs,15
"I'm a bit late. What's the ""AAAAAH FUCKING WATER"" reference?",[3],ed2f5sy,3
He was waiting for [NAME] to stand up and ask him about the PC port...,[27],eecqykv,27
"Unbelievable that we didn’t sign him Also, we could’ve potentially signed [NAME] the window we signed [NAME]. Kill me.",[26],edwbg1r,26
You know you could replace republican with democratic and it would still be funny,[1],eedfvcm,1
That was brilliant 😂,[0],eejr2sg,0
Now it makes sense.,[4],ee6h5dv,4
Not sure what people expect from high school dropouts,[6],eecspib,6
Still annoying.,[3],edr0ka3,3
"I'm hoping it's more statistical noise at this point still, but it's definitely worrying.",[19],eexbanq,19
He will but the Chiefs will absolutely have a shot because the Pats defense is egregious on the road. I mean they let [NAME] go off lol.,[1 4],edxdht0,1
Thanks cool sub,[15],eez17be,15
This was happening to me in my relationship. My boyfriend was later diagnosed with BPD and now talks about his trouble with intimacy and sharing feelings.,[27],eeexkjb,27
We have not been a Constitutional Republic for a long long time. The Constitution is just a nice idea at this point.,[27],eduvcvy,27
I pray to [NAME] that we will be aware of people's sins in the afterlife when we watch them burn.,[5],ed7wxc9,5
Yeah because streaming services don’t pay their artists well enough,[10],efcy177,10
I'm so racist and self important I refuse to braid this girls hair,[10],eennq95,10
Last week was her week. She killed everything about that episode,[ 0 27],edx8m6b,0
Keep pressuring the landlord. Threaten to sue them if they don't take care of the problem.,[27],eeycfdl,27
Not enough that the median incomes for those without a degree to be close enough to those that did as to not be significant.,[10],ed9kl9f,10
"I was wondering what that was and now, I need to go get some brain bleach.",[26],ed7sina,26
I mean New Orleans is really fun even with little to no drinking. I wouldn't want to live anywhere else.,[0],eei023b,0
You were shot by a Vigilante!,[26],edpvijs,26
"Wait, what. Are you okay son? I'm here to talk. ",[5],eelncp0,5
I figured just being there is the main help. I will probably ask them as many questions as they ask me.,[ 4 27],ee336jk,4
I would be impressed if [NAME] ate 15% of his weight every day I wish I lived in a state where the contest was valid. Stupid NY,[3],eek70le,3
"Wait, what? You're a gamer who's never even heard of TB?",[26],edocn1a,26
I borrowed an old wedding dress from a museum. It was a one size fits all kind of dress. Thank goodness!,[15],edxxsfo,15
Can neins bring me up to date on what this is about?,[6 7],ef245tb,6
He's being so unprofessional. He's out for blood for some reason.,[3],eczll29,3
"My first day with them off was quite anxious, but it got better!",[19 23],eexbozv,19
Think we need a sub dedicated to miserable reviews.,[8],een5mie,8
"That weighs heavy on the heart, I’m so sorry for your loss",[16 25],edfbb1u,16
I finally know where [NAME] is: drunk at a train station.,[22],ef5jmac,22
Not sure why this is sitting at -10. Thanks for your concise explanation of both sides.,[15],eeip9ya,15
All praise Lord [NAME].,[27],edr2f2t,27
"Ive gone through very similar things...i completely understand. Praying wont do much, seek a therapist to talk about things",[5],eem8rqj,5
No. It’s not. This is disgusting behavior and anyone who supports it is a fool.,[11],eezrkgb,11
Can we have a video tribute to [NAME] when the Jazz come to Atlanta?,[27],eeg165o,27
"Additionally, over the years I developed ED and PE... and it sucks. Just thought I would put that out there.",[22],eeqfihg,22
You're delusional,[3],ed54m6u,3
"She had so so so many great looks. I can’t remember them all now, but she hardly ever made a misstep in regards to fashion. ",[0],edrvw6a,0
"Sure, sorry for late response.",[25],ed1e397,25
That’s me! Got it at the sens store by 304,[27],ee8xq6e,27
I want the same drug OP is into thanks!,[15],ef6vllr,15
Its acts as a moisture barrier so the bread wont get soggy no matter what you put in it,[27],eef37vt,27
I hope last night was fun enough to warrant the hassle today.,[20],ee1uxyr,20
"Oh, I felt that despondency at the end there. Poor guy. ",[9],eeprh4z,9
"no. Queef is vaginal period. I call it mumbles, when the lips move but you can't understand what they are saying.",[27],edirmjf,27
He drives to the basket like [NAME] used to. And can shoot the 3. And he's super clutch. Love the dude,[ 0 17],edheugv,0
Interesting. I recognize way more of the 2019 names than I did from last year. Any hope that means I'm getting younger?!,[7],edxdey6,7
I. AM. AWARE. That doesn't make it cool and good for him to race bait.,[3],ee9mh85,3
...and his last one was in New Orleans. Let’s go Rams!,[27],ee2c4aq,27
What’s the most amount of goals that have been scored total between both teams at the rock?,[7],ee3bi93,7
Can a mediocre bot invent Facebook?,[7],eeysdlm,7
I appreciate your meme OP.,[0],edcblty,0
is a great resource.,[0],eenk8vy,0
"Sounds like she wants dessert, but hates you eating any cake. ",[27],ee5pxrn,27
"Thanks, I appreciate that. It's about what I expected though. Sadly, I'm used to it.",[15 25],eebjspc,15
Thank you so much for that compliment it actually means a lot however Mister [NAME] is the greatest human being to ever exist,[27],edmkv2x,27
"Eh. People really are judgemental towards ""hoes"", so I don't blame them. What is stupid is to shame people for having sex.",[3],eezosy1,3
I kept them and wish I hadn't. A pain to get rid of the further removed you are.,[8],edjazta,8
"Well attention whores are women(mostly) that always seek validation from other people, something that can really become very obnoxious and annoying.",[3],edhf54v,3
"It's ironic that those who most strongly embrace TSSC and other churches are so often utterly lacking in any level of true ""faith.""",[10],eeyypz0,10
I should call him up so we can talk about our mutual problems.,[27],edy97og,27
Pre ordered rather. Reveal was today,[27],eebbzcv,27
Absolutely nothing! LOL,[1],ee4jw3t,1
I hear lyft is better,[27],ee2grg0,27
Talk to your grandparents... you will be surprised on how much general knowledge they have to share.,[26],edd5ag7,26
I wasn’t talking about them buddy...,[27],ed2e0sh,27
Imagine getting woken up by it trying to beat down your door,[27],edi1gmw,27
"I laughed at this post. Not because I find your pain amusing, but your casual use of the word ""boner"" kinda ruined the serious tone.",[22],edbgkor,22
"You know, 4 months of use is basically nothing though. In that case the bad part of the deal is Nvidia's decision to start supporting freesyinc ",[27],edgwb54,27
"Does him ""working on it"" consist of any kind of treatment or meetings/program? ",[27],ef3m0qb,27
"Low life is as low life does. I wouldn't be too surprised if he's broke by the time he's middle aged, unfortunately.",[26],ef0yxbp,26
What's wrong with your cousin.,[7],edmhzge,7
"I work 12 hour shifts, and agree. Tea is life-saving.",[27],efgdvsw,27
"Thank you, too. It's nice knowing we're not alone. I hope you stay afloat.",[15],efehwzw,15
There should not be enough nurses against vaccines to hold up the stupid sign.,[27],edh7jee,27
[NAME] only runs in [NAME] shorts!,[27],edxdti7,27
I play around 2hs per day since launch. 1/2 Cuz I like the game. 1/2 In hope for a new expansión/fix to get the players back X:,[4],ef5dd2h,4
the sky would officially be falling if they changed the pistons name,[27],ef61qiw,27
Happy for u!!,[ 5 17],eelwift,5
"I thought that too, but I was wrong. And I know that full health is 170.",[4],edwfyuj,4
We are very clumsy creatures. Eventually you just learn to laugh it off. *The crying comes later when no one is around*,[25],ed6piv1,25
"So do I, but I don’t want them to be associated with government espionage and other shady shit either.",[10],effgeve,10
I would make that face too if I just realized I was HC of the New York Jets,[22],ee3i6bx,22
Thank you for your service o7,[15],effcqcp,15
Ik was more curious with our communities opinion,[7],ef93umj,7
">Some ~~drugs~~ people are just... Scary... Some drugs tend to bring out what's bubbling under the surface, so in that way, yeah. ",[14],effi8ja,14
"For some reason, I thought this was one of his Bros trying to save him from her.",[5],eewuqqt,5
THIS FOOKIN GAME,[27],eekswgw,27
False equivalence in the sense property rights aren't enforced but more accurately defended.,[10],eejohoi,10
I’m not sure how to feel after reading this... I will say that [NAME] and [NAME] would be an attractive couple.,[ 4 20],efbt7si,4
That's a hot pic Shame she'll kill us all,[0],edta4j3,0
An ugly fuk,[3],eem6r3e,3
"It's funny how the mention snoop at the end of the article, reminded me of the chappelle's show episode about [NAME]",[1],edgbhyn,1
"Sorry pal, it’s actually one of my least favorites :/",[24 25],ef5kdg9,24
"Thanks dude! I do best with the ice, swat and maddox",[15],edfthgb,15
This kind of package probably wouldn't even get us Parayko,[27],eea0172,27
Glad to see those refs from the Rams/Saints game landed new jobs in WWE.,[15],eentw11,15
it’s great,[0],eei4nzg,0
Stay strong.,[5],edgw70k,5
"I think men take pockets for granted, once you're without pockets you'll understand the pain. ",[4 9],edzicev,4
That’s how free market works,[27],eefext0,27
"Oh, thx for clarification!",[15],ef4dwh5,15
Great post - much appreciated. Gave me some good points to ponder.,[0],ee9ra8u,0
"This, great soundtrack to",[0],efh5hn5,0
It really does. Great point,[0 4],edasvri,0
Love situations like this...excited to see if he'll make it by tomorrow,[13 18],ee9k3mb,13
"Oh, real cool! Thanks for the references.",[ 0 15],eemzvbb,0
NOO HES SO ANGRY,[2],eecguuz,2
Best game I've watched from Barcelona since the other 6-1 two years ago!,[0],efe9p0p,0
Fun fact: Chá qīng 查清 (pronoinced cha ching) is chinese for checkout.,[27],ee30nvr,27
I would’ve LOVED to be a part of something like this as a kid!!,[18],edzg6oo,18
Because I suck at lying and they will have to find out about him eventually,[3],eel0xfj,3
Love these guys and love this skit,[18],ednrnqs,18
"I didn't say ""do it for the children,"" but I understand if reading isn't a strong suit for you.",[10],ef7qlow,10
Ugh. Just legalize it already so this silliness can be put to an end.,[27],eeaa08c,27
Thank you so much :),[15],eebptf7,15
felt that so hard too,[25],ef8bz8m,25
I always thought [NAME] wore the most adorable outfits.,[0],ed4ygno,0
She's supposed to be 20-something but is played by a 34+ year old actress.,[27],eeypcfw,27
Tough scene for [NAME],[27],edt0yeo,27
"If they declare it, its not a bribe its a political donation... In theory.",[27],eevsc97,27
Didn't he steal something ludicrous like a diamond ring? Like is he a cartoon bad guy?,[7],ee5mm39,7
Hahaha dude that was *so* well put,[1],ee6deao,1
"[NAME], keep going man",[27],edx8s1o,27
"Fuck yeah, I eighteenth this. ",[13],ef603ev,13
You honestly think a law did away with straw purchases? Stop lying.,[3 7],ed5x4tl,3
It's clear you dont know what you're talking about.,[27],eejzacj,27
oh. i didnt know that. ty,[15],edijml4,15
ok i noticed the eyelashes but the rest is really unnoticable,[27],edhh91g,27
That is incredibly disheartening.,[25],effcqjx,25
Congrats!!,[27],eee7m2j,27
Canada is also getting news coverage.,[27],ee8oavw,27
Would someone even be able to pursue a diagnosis for type 2 if they already suffer from type 1?,[7],een0455,7
Way braver than me. Hope you have a great night. Cheers!,[ 0 20],eczrwlk,0
"It isn't only a representation of the economy, but how poor most people's financial sense and budgeting skills are.",[ 4 22],edkvwhm,4
They do a great job until one pops free and smacks you in your junk.,[0],ef7rx1j,0
"I see your ""making myself undateable"" and raise you a ""try to make myself as dateable as possible and still fail""",[27],ee38ixa,27
Somebody reverse this please I would be so happy.,[17],eepka5p,17
"""Have you seen my ex girlfriend?!"" on KFC radio was the cringiest thing i've ever heard",[7],eeoyxp8,7
Man I love listening to [NAME] talk and I’d love to have a chat with him but he does talk some bollocks sometimes.,[18],edkgnpn,18
Well you came to the right place,[4],eem7ej9,4
"The first guy had his balls covered, he knew.",[27],eds2bdi,27
FISH ARE FRIENDS ... NOT FOOD.',[27],eed6wt5,27
"Really didn't like. I thought it was nasty and mean-spirited. ""[NAME]"" on ice it isn't.",[11],ef7l7v0,11
My man loves his beer more than anything in the world.,[18],eeumzj5,18
he ded.... and why the fuck these POSs have cellphones in prison.,[2 3],ef9mmow,2
"[NAME], we told you to PLEASE be sober when you come to work!",[27],ef8shrp,27
Couldn't stand it though the story is wonky But this is an eternal debate. For me got will remain. Hope S7 is about to enlightnen all human kind,[27],ee6ox26,27
[NAME] so much hate.,[2],edz79cq,2
"You’ve described some states in the South, like ",[27],eevikhl,27
> [Citation needed] The fact that no woman will date you.,[27],edlcd2c,27
It’s the little things!!,[27],edt7qtf,27
Happy cake day brother!,[17],ed6o9ps,17
I was rather curious to see the True North Church receiving $1m from the lotteries commission.,[7],edydbrd,7
Hello! [NAME] is beautiful but I’ve only been once. I never had the whisky so I can’t even argue haha.,[0 1],eeui8j8,0
I cannot believe the fucking audacity of him. Have some shame for [NAME] sake.,[2 3 9],efc72ly,2
Got my attention.,[27],ed44njr,27
and I was at the playboy mansion...,[27],edmi95i,27
I'm sure he immensely appreciates the gesture.,[0],eemgpp3,0
"Yeah, but nobody takes McD's hamburgers seriously. ",[9],eed0946,9
"lol me too. _""Go on in you scraggly old bastard!""_",[1],edzqkq0,1
really odd choose with pairing slack and sunfan together. These 2 should always be paired with a high IQ caster,[27],ee4n5o1,27
"Mayday mayday, I've been hit. The bot got me",[27],eeelpok,27
Delete this. Not relevant.,[10],ed8y6l5,10
A thousand year old institution that is hundreds of years old and has remained largely unchanged for almost a decade.,[27],ee8xiqz,27
"Not an effective solution. Shooter always has first move, taking out an unsuspecting teacher would give a shooter access to better arms.",[10],edsyska,10
"Mate just go out and get yourself a steak dinner, you will enjoy it much more than Artifact.",[17],edylvqw,17
He downloaded Wealthify,[27],ed8ydos,27
"Whoa whoa whoa, dont go firing him into the rest of us. He is your alien being",[26],eeen1br,26
Get a line haul local job. I work 9 hours a day.,[27],ed7stdt,27
Pay this man,[3],edu1dgy,3
Don’t forget sports gambling. THEN we’ll be happy.,[17],ed9kf0i,17
"Honestly, Queen kinda sucks. Obvious they were ripping off My Chemical Romance.",[ 3 10],eeprdjp,3
Wouldn't the bully be the Polygon employee?,[7],edzk1i5,7
This. I relate to this. So much. Almost too much.,[4],ed03oz9,4
But... but [NAME] literally wanted to murder almost all the Polish people.,[27],ee3l972,27
I sure don't,[27],ed5utkq,27
"No I didn’t think that, it was the way the information was presented",[10],edhqn8q,10
I apologize for my error. I'm not currently up to date on my regional flip flop styles.,[24],efaqsyg,24
"Bridge trolls people, people trolls back the bridge, not sure what's happening now",[6],edcjadx,6
This looks like it was written by someone’s desperate to be “down with the kidz” mother.,[27],edg9j9q,27
"If charity worked, everyone in the world would be fed and healthy in this precise moment. Also, how are you going to enact basic income without social institutions?",[7],eepg6fx,7
This should be on r/Unexpected oh wait...,[27],ees7jmv,27
It could be how depression is effecting you but i don't think it's crazy,[5],eelq38h,5
Here’s the link,[27],ef76cgh,27
poop skeleton,[27],edjemsr,27
Why nothing will change at all ... lol,[1 6],ee3jr3l,1
I really like this one.,[0],eege8tk,0
"""Human, there is something wrong with my water.""",[27],edthham,27
"Seriously, you wanna give me singles? Awesome. I don't have to ask management AGAIN for more ones. XD ",[0 7],ed31xb2,0
14 and im quite good at makeupmaxxing and tall so people (especially adults) always tell me i look 16-25 :(,[27],edd6vpm,27
Don't feel guilty. If you don't leave it will be continuing the cycle of abuse for your children.,[4 5],ed62w4n,4
"[NAME] is so rational, I’d just cry really hard if my parents spent all my college money 💰 ",[25],eet6c20,25
"To be fair, ""Junior"" was released 25 years ago.",[27],edrmeg5,27
"Ah, the ol' [NAME] strategy.",[27],eewa3nb,27
Didn't seem patronising to me.. just kids being kids when confronted with a guy banging on a drum.,[27],eek3pju,27
I don't think they consider geometric patters to be abstract art.,[27],edo1nrz,27
I will keep that in mind for next time,[27],ef661mb,27
Now he isn't pulling enough troops out? He just can't win..,[7],edn5j58,7
"Like the [NAME] twins, I guess.",[27],eert9mm,27
What really got [NAME] bigger that much?,[7],edyk2z9,7
"I'm curious to see the difference, but sadly that's not really something you can just ask someone.",[ 7 25],eczjszs,7
"Agree with you there, no one has a strong enough argument as for why it shouldn't be legalised",[4],eeqteda,4
The fact [NAME] met her at the airport should tell you all you need to know about why they did it. What a farce.,[17],ee27die,17
your post is awesome. People need to hear this more. Thank you.,[ 0 15],edrbaax,0
Doing homework and paying attention in class? Sounds like ADHD.,[27],edpww8h,27
Right?? It makes no sense she’s horrible,[11],eezw0wp,11
Same truly adds to making La Liga the great league it is.,[ 0  4 20],ee0jumr,0
I love going out in treacherous weather. For real.,[17 18],eduxgip,17
Viva la tank,[27],eezeu0b,27
"Who the hell thought he was dead, seriously.",[2 3],eebim53,2
No they don't.,[10],edjavto,10
"I should have said without nuts in hindsight, but this woman was ready to kill. Gotta love hospitality sometimes.",[18],edu39hv,18
This! The [NAME] need to be kicked out!,[27],ee7uk6b,27
Then how can you say the rest is very red outside of nova when that is blatantly not true?,[6],edpk8kb,6
False. Drop bears.,[10],ee1b1ss,10
Wouldn’t that make non community watchers lucky that they get to watch through community for the first time?,[27],ee2427w,27
I wonder if the paintings he did on Brooklyn 99 were actually his.,[7],ef5quqh,7
He took it too far,[27],eeu0iq5,27
"I guess when you marry as a virgin, you don't know what you're missing out on.",[6],edrpnep,6
You mean like popping the cork with your thumb as people have done for the last 100+ years.,[27],ee9mofj,27
It would feel amazing. Which would scare you. So you would crush it. Along with yourself.,[0],eebahnj,0
Ha ha manu plays shit football amirite guys,[1],edtuq2f,1
It looks like Marvin the Martian's ship. I'm still geeked as hell though. Also glad they provided a space suit for scale.,[13],edtte6c,13
Better than just saying hey :),[4],ef3yciw,4
"thanks, got traded from the habs and I remembered liking his game during pre season, was wondering why he got sent down. oh, and fuck [NAME]",[ 3 18],efc40zu,3
That’s not the vaccines fault champ.....,[27],edhevjw,27
Truely the man we needed but do we deserve? We let him down by not spreading truth far and wide.,[7],ed2c5nb,7
i wouldn’t want to fight me neither,[ 3 10],ee7avui,3
I’m not sure bud. But they do have multiple options. So that might be one of them,[6],eezjc5n,6
Seriously! I'm on Xbox and all my crew and we have never had an issue!,[3],eeu0xdw,3
"Delightfully devilish, [NAME]. ",[27],ee4mmi8,27
Yeah gg man,[27],edd1pbx,27
Today is just one of those all day long snack days. I will devour anything that is put in front of me,[27],eektwb3,27
[NAME] advisors did the same.,[27],edk8qov,27
You cannot open or keep it. You can send it RTS.,[27],eetgpak,27
Please no.,[27],eden95h,27
His DBPM as well as his OBPM is better than Embiid's,[27],edfgeyl,27
General population are scared of press,[14],ee0vgym,14
watching [NAME] play after quite some time. She has lost insane amount of weight! Did this happen after stabbing incident?,[7],ef02d8o,7
I finished high school back in 2010 friend but yes good luck to me for the weekend 😎,[ 4 20],ed3d31z,4
Is not that safe here are links I posted in other,[27],ef30g6n,27
I’d go at [NAME] every possession. He is so tired out there,[5],eehssdw,5
They're awesome live too. Non-stop jamming. Seen them a bunch of times live.,[0],edl3gfh,0
"Oh is this the ""not real burgers"" argument? Just cause you don't like them doesn't mean they're not burgers",[27],edpv4p3,27
[NAME].,[27],ed8lebf,27
Please don’t do that. You can do better,[5],ee2eofl,5
Probably in the same way I find a little cellulite hot. Anyone up for starting a subreddit with boob veins? Lmao,[ 1  7 20],edt51ps,1
"I am now sad the latest Thief was so mediocre, because the actual City the game took place in was a great little world.",[ 0 25],ee54k47,0
"I like your version more, anyways. Better comedic relief from such a horribe tragedy.",[0 4],ed2e3ds,0
He’s close. Flip [NAME] to fish for [NAME] Then go out and get [NAME],[27],ef3sc8d,27
You are not wrong. I have learned about myself alot while on drugs. Sometimes it's scarry when i find out how limited my mind is.,[14],eerekx1,14
I can't believe Pandora created scat. An icon.,[27],edv64jl,27
You do eat off them in very special situations,[27],edtn2t5,27
Well yeah! Doesn't everyone? I'm in the one about ED. I guess I'm a natural deflator. 🤷,[4 7],ee8e8w9,4
It would be exciting I guess.,[13],eegur1b,13
"This is how Dayz is meant to be, very nice story!",[15],ef009w7,15
Difference is that a conq forward dash bash always grants a gb when dodged but warlords charge usually leaves him out of range to punish it when dodged,[27],eey8uxi,27
In that conversation it was the girl being boring and closed... sometimes it’s not your fault and people feel they’re the ones being awkward,[12],eei4aa9,12
Excellent projection. 9.5/10.,[0],ed1454k,0
"Without even talking about diabetes, you really must be an asshole to celebrate overeating and call it ""progress""",[3],eeoyzv9,3
Yeah thanks.,[15],eej1cf2,15
“You’ll forfeit your lives then” -Winne the Pooh,[27],edb90j2,27
"That's an odd context for ""cockblocked""",[27],ed00a87,27
Weird that a movie star is dating a hot young model?... like what’s weird about that,[6],edjmeqh,6
[NAME] is that you?,[7],eelpkh0,7
Thank you for being willing to learn,[ 4 15],ed1gxcf,4
"yup, it sounds ridiculous",[1 3],eed7mx1,1
IT'S ALL YOUR FAULT MAMA,[ 9 10],efc18fu,9
"ah, if only i could hug a beautiful and understanding woman and cry all my depression around her neck.",[0],eddpddw,0
"Oh don't thank me, thank the uploader! They did a quick job.",[15],efai71n,15
DONT DO IT PRELLER,[27],ef818lh,27
A blanket opinion doesn't cover all the problems in a particular situation.,[27],edk9ml9,27
"Doordash pays less than minimum wage, no money even to buy cheesecake from the cheesecake factory after paying rent and Bills 😥",[25],ee6n1br,25
He already sucks. Let’s just nerf him some more.,[2],eelobcy,2
"Just so you know, I think the other responder is a nut & you were right the 1st time!",[4],ed2kb20,4
"Uh, yeah. That was a dumb question and if you thought it was going somewhere you re dead wrong.",[10],edjlb0j,10
"And the new sword is kinda shitty, and not even a complete sword at that price. Also, the sword is really bad for the environment.",[ 9 11],ee2084z,9
You only saw one piece of luggage. I’m not a fan of overly criticizing the things we don’t see.,[10],edlvtnz,10
What was the age difference between [NAME] and [NAME]? I had though it was about ten years but now I’m not sure.,[27],efbz8hr,27
Point is to hold you to some standard of evidence Eggy - this is self-pitying tosh.,[27],ef6n1tb,27
Weird combinaison of letters for french poeple,[27],ef6lfis,27
Lmao!!! 🤣 He does look rather greasy.,[ 1 11],ee5e1pc,1
"I can’t work, wish I could. Worked hard my whole life and lost literally everything a few years ago. 20 years down the drain.",[ 8 25],edfogo6,8
(slow claps) Well played!,[27],edc17vm,27
My [NAME] and Papa were married 44 years before my Papa died last February. I hope to have a long marriage like them..,[ 8 22],ef0xslw,8
"Right? She sure can dish it but when she got stood up to, not do much! Ha",[27],edieb9w,27
">there may be some toxic tendencies Everyone has some toxic tendencies, toxic is a pretty vague word.",[27],edd062v,27
I thought [NAME] was the cutest. [NAME] is adorbs too. All the main kids are really.,[27],eczzs7i,27
My 1 year old ate TWENTY TWO broccoli tots for lunch. And he still wanted a cookie afterwards. Like...what?!,[26],eevlkwa,26
"I can do the very first part, where he first jumps.",[4],eefvc24,4
I dont think it will happen cuz he will probs just stay in GS or go LA with/ against [NAME] but I do think he should look into it.,[6],ee5pe2u,6
Shipping container? More like an entire aircraft carrier covered in it.,[4 7],eepyjt1,4
"As a once very sick kid, I thank all you pediatric RN's out there for what you do and your compassion while doing it. ",[15],ef4bsbj,15
"Hi, [NAME]! I hope you have the best day ever! -HappyFriendlyBot",[17],eev3ax4,17
"How do you know if this gets downvoted to hell, but a lot of times before dying (6 hits taken.).",[6 7],edcdr8x,6
I’ll never do long distance again. Good luck broski.,[15],edf0vp0,15
This is love <3,[18],edfstnz,18
"I'm 58, my 40 year wife is 59, and my handfasted wife is 64. I'm so in love with both of them!",[18],edsdy8e,18
"The sound ISN'T mixed terribly like in high school kids and a nice taxidermised bear in the USA, a beautiful day!"".",[0],ee6wv74,0
Yeah but she didn’t get anybody to vote for anyone. She said they all said they were voting for [NAME] anyway.,[27],ed3tj0i,27
"The type of gun he's holding. My bad, my joke wasn't as obvious as I thought.",[9],edudi7f,9
#LET'S NOT BRING UP THAT PORTION OF THAT DAY.,[27],ee14jf1,27
"I bet you that’s what will happen, which pisses me off.",[ 2 19],eeixaqu,2
"Well, never thought I'd be here, but here I am, someone who passionately hates the Florida Panthers ",[3],ed73q83,3
Yeah take it slow..I mean you waited 7 years you can wait a bit. Hope it will turn out good for you guys,[20],ef8n1xa,20
To bad they didn’t SHOOT the low life😡😡😡😡,[27],ed8rmp5,27
Everyone upvote this - gotta spread the good news!!!,[13 17],edv18r4,13
[NAME] is my least favorite on the station.,[10],edn1chi,10
About fucking time ordering ASAP,[3],eezjup9,3
Didn’t realize two different intros were so many. I’ll warm this community up to hip hop eventually ;) Appreciate the shoutout!,[0],ed5pflb,0
I swear every wraith I went against camped.,[27],eey6wuu,27
HOLY HELL THATS HELL OF A BURN,[27],ed36ckq,27
"My knees, I had to quit running because they got so bad. Even hiking starts hurting after awhile, especially on long downhills Also glasses and deep voices",[ 9 25],ed3q02w,9
Nah no one can help me,[25],eeb1roy,25
The left has hurt itself in its confusion!,[6],ed7fkli,6
[NAME] has a drive that [NAME] doesn't at all. He cares more about his hair than buying a house for his mom from what I have seen.,[5],ef33eln,5
They definitely do They wouldn’t play something else then,[27],eeha84l,27
( ͡° ͜ʖ ͡°) you know you are. I bet its its awful being totally destroyed and embarrassed on the internet hahaha ( ͡° ͜ʖ ͡°),[ 1 12],ee4xpwv,1
I’ve missed my sweet prince,[18],edopp6v,18
Vans are ugly as hell. You just cant make a Minivan look mean. Also why are they trying?,[11],edfdvqs,11
"I would think terrible, awful things.",[14],edigwpt,14
In the prequels the son couldn't save the mother. Maybe things will be different this time...,[9],ee1f36o,9
any therapist will tell you emotions are valid even if they are irrational. Which i think is one problem with many TiMs.,[27],ednb5b1,27
"Reality is often disappointing -TPUSA, probably ",[9],edtf8mk,9
Neither are foreign coups set up with the countries chamber of commerce and the head of the army.,[10],eewd31p,10
"Yes, I do but you also forget that it’s either [NAME] or [NAME] that said that celibacy is the best way to [NAME]. ",[27],ee5tt6v,27
>US isn't a de facto dictatorship Not sure anyone has told [NAME] that to be honest,[6],edvvd4w,6
I wish you to experience exactly the same feelings that I'm experiencing,[8],ef8t76j,8
lol I was thinking the same hahah,[1],eesqnmo,1
"Sure. Let’s start with the terrorists with the biggest guns. How about Israel, or Saudi Arabia? ",[ 4 27],eegg6z2,4
Now it just looks like she has a cape...,[27],eefhsxb,27
>just something motor**sport** fans tell themselves to avoid admitting it’s not really a **sport**. Errr.,[ 3 27],edsysfm,3
I want my fucking cake back.,[2 3],edpt7ey,2
Normally the posts on this subreddit are pretty innocent and vanilla.....yeah not this one I think I’ll pass on “TheDickPill”,[ 4 27],eekctpw,4
I'd really like to see one of these red-striped zebras.,[8],eddxtkv,8
I like them all as long as they are not fake.,[ 3 18],edx96ix,3
They have THE BEST tortillas too. Made right in front of you. Mmmmmm!,[ 0 27],edgjhs1,0
Thank you! I’ll give it a listen tonight😊,[15],ee8tcks,15
He looked like he fell in love,[18],edtfb89,18
Thanks! I’m Excited To See How This Meme Become In The Future!,[13 17],ef36ylm,13
that sounds disgustingly sweet and yet i want to try it,[11],ed3ktzo,11
"But all-Korean teams don't always do the best in OWL/Contenders, look at Outlaws v. Seoul, etc... ",[10 27],edxtq57,10
Looks gorgeous on u 😍😍,[0],edfuiql,0
At least they didn’t destroy the shoes,[23],efhbm9j,23
I wish it wasn't so crumbly. It feels like sand in my mouth.,[8],eedm47y,8
Having two world class GKs is amazing lol,[0 1],eedpi5y,0
"Is it manipulation if it is 100% true, 100% genuine, and 100% good advice?",[7],ed4zrhv,7
"I gotta take credit for YouTube because he recommends some sick underground artists but old ones? Never, at least for me",[21],eepkuto,21
So will this one. Lack of intimacy makes all other issues worse and make it harder to over look other issues.,[27],ed2vnvt,27
What do you think is an unacceptable percentage level?,[7],ed0xtbi,7
"/Steps into freezing night. [NAME], forgot my car keys.",[27],edev2bf,27
I cannot help but get a sense of schadenfreude when a seemingly shitty person ruins their own career right before my eyes. ☕️,[3],ef9ebro,3
"Men don't tend to have bags as big, I reckon",[4],edoks13,4
CONGRATS! So happy for you. May life treat you kindly from now on.,[15 17],edjxkp5,15
"Thanks, your comments made me laugh.",[ 1 15],ef0irgz,1
As a fellow shuffle/jamskater this makes me really happy lol.,[1],eeywo5q,1
> 1 who was asleep [NAME]? Then who was using the phone at 9:20?,[27],ed8qsvg,27
We have had luck with a ok to wake clock for quiet time! May be worth a shot.,[20],ee8fx0q,20
No if we tell and kick and scream and have a tantrum that always works.,[10],eey4ya9,10
thats pretty emasculating frfr. in america is not the same,[27],ee1hie6,27
"It’s a policy debate round, it’s not meant to be taken as true",[27],ee1u8n5,27
"I keep thinking ""this is it, Reddit has hit rock bottom,"" but they keep proving me wrong.",[27],eenl21q,27
It's so focused on the presenter and he is so unengaging it's painful.,[25],eecuzmf,25
"I remember one guy on the show being labeled as ""[NAME] son"" so I""m not sure what that's about.",[6],eek1ptz,6
They're not giving you better than this most likely so just open them.,[27],ee3bf5j,27
Be yourself and be kind. That matters more than tiny differences. ❤️,[ 5 20],ef3v9al,5
>provide a credible source. You first. For each claim.,[27],edy3gfp,27
"Because that's illegal in Ontario. Even without a lease, the landlord can't simply increase the rent.",[27],eeblmoy,27
You are correct. But sometimes you might have a plan or you have to improvise. I’m glad it worked.,[4],eec3kfa,4
Why is that funny?,[7],ee72c4j,7
is [NAME] playing?,[27],eek5r0u,27
"Yeah, I actually like the combination of the two styles of names thought. Love the LAFC and the LA Galaxy...lol",[1 4],eev5frt,1
"Lol yeah I did, that's why specified the killer, for survivor the fun comes from escaping so tunneling feels like shit",[1],eesygho,1
"Leave me alone [NAME] and go take care of your man. [NAME] great for you, be happy. ",[27],eeo6cbk,27
Damn. [NAME],[3],ee8atea,3
I've got a lovely bunch of coconuts.,[27],eekxxs3,27
It could indeed apply to many gods from many different creations myths...which is his point. Everyone knows!,[4],eensi8o,4
"Mr [NAME], tear down this wall. ",[27],ed6vrju,27
cause they want people to know there relvant again,[27],eenjfmj,27
"I was expecting the surprise birthday, not seen this twist on the sister before. ",[ 9 26],edx0w9r,9
"Probably should have stopped popping the heads of dandelions while saying ""mama had a baby and the head popped off"" ",[27],edt9jff,27
Shit she doesn’t want = “curated beauty box” 🤔,[9],edff3kj,9
the libertarian to fascist pipeline is real,[27],efebo8l,27
These kids need to not be on this forum 16 is way too young to feel like that tell your mom to pay for a therapist or something,[27],edg87vk,27
free XP*,[27],ednpvkw,27
In the end it is just another day surrounded by fake fans. If people wana watch a team that never loses they should stick to NCAAF,[27],ed14qbk,27
"I go everywhere, the XP and money make it worth it. ",[4],eeuc2cj,4
Damn *fabulous*!,[13],ed5qx5t,13
Love hearing stories like this. [NAME] holy Priests are such a gift. We must always give thanks and pray for them.,[15],edddtgj,15
"*sighs* One day Blizzard will finally understand that [NAME] teleport is what needs changing and not his damn passive ability. For now, the dream must remain a dream....",[27],ediwkvx,27
"Haha ""like a snake on a toddler"". ",[1],edtsjzy,1
"Bro we got destroyed last time, we’re due for a heartbreaking missed field goal or extremely ill-timed turnover ",[25],edc7gcd,25
It's clear for me that you've never been even close to a brazillian suburb. /s,[27],edgztqh,27
"Yeah, you should probably get some help first and take a break before going back.",[ 4  5 20],ee3k1a7,4
My bad if I just leaked /u/keypuncher and /u/ibiteyou 's Christmas card photo...,[24],ee5v1je,24
Yeah its too bad that there was someone at a university who wanted to research this and he got shut down.,[25],edntna3,25
I'd so anything for my SO,[27],eedh4e8,27
"No, you can shoot farther but the scoop only allows you to range out to 1 Klick at the last hash marked 10",[27],ed0e796,27
You have mental problems dude. Get off the internet and get a life.,[5],ef0v2wx,5
Lol it’s one of those right wingers pretending to be a leftist to sow division. They’re pretty bad at it.,[ 1 11],ed438hv,1
[NAME] was far from an assassin. She had one amazing performance but that was it.,[ 0 15],ef51qyj,0
"_warm and fuzzy feelings..._ Damn it, I'm getting all sentimental again...",[25],eda4rdm,25
Don't have the light novels. Heard the translation was pretty bad on them but I discovered that Manga earlier today.,[27],eezb4zr,27
That's so great! Plus it feels good to know I helped Pfizer make $5B last year on Prevnar 13.,[0],eeijb4r,0
"I'm sorry, I'm new. Included the TL;DR and age alrdy. Thank you!",[15],eew0ob8,15
"This sounds an awful lot like a solicitation. In case it isn't, what you seek may exist but you'd probably have better luck with the lottery.",[20],eexoxb9,20
"We tried, the place I go is just a rundown old town trashy high school filled with kids who have the background to shoot the place up",[27],eduw1er,27
You’re not going to convince anyone else either if you refuse to back up any of your claims.,[27],ee3hzj6,27
Damn you and your facts.,[2 3],edncm2k,2
No clip? Screenshot? Picture at all? Sounds fake as hell,[ 7 10 11],edi68lp,7
"It’s time to stop lad, it’s getting a little embarrassing now...",[12],ef64or1,12
I'll keep them coming!,[27],eek8il6,27
Kinda is. But whatever. Complaining on reddit works too. Except it doesn’t.,[22],edkkkan,22
This game and it’s updates can be very frustrating sometimes. We already discuss the issues to death but meme Monday has been oddly therapeutic,[3],edm35p9,3
"Right, but their wages *are* lower *because* they get tipped.",[27],eegwd1b,27
This post is not going to age well.,[9],eesvtak,9
"Not making many new NYC fans: ""I'd rather live in Auschwitz than NYC""!",[27],ed2q8cx,27
That was sexy,[0],edbh6xs,0
"Nah I get that, it's just AFFIRMATIVE action...unless this went over my head as well lol",[1],ee8rshq,1
It'd be easier not to do it at all. I don't think it's meant to be easy.,[6],ee5ng89,6
You can just say grownups use lubrica ... ^ohhh,[27],ed9xw0z,27
What about [NAME] arm ?Is [NAME] replacing [NAME] cannon ? I was more bummed about losing [NAME] arm than his bat .,[6 7],eeuz8wm,6
"Try peeling from one end and carry to the other, if you just lift up then your doing it wrong",[22 27],eeyyi2z,22
That was fun.,[17],ef25fvb,17
"So I have a hobby, I'm passionate about my 2nd Amendment rights, and I dont post/comment on reddit often. Your point?",[4],eezvy6k,4
Human rights...animals don’t have that,[27],eez10dn,27
> or the thief charges you and you get sued and charged for setting up a trap on your own property As you fucking **should.**,[27],eetb36w,27
"Good for you, maybe some day you'll come to an understanding of each other but familiarity breeds contempt.",[5],ed0450z,5
I wish I could upvote this a million times. What a wonderful tack to take.,[0 8],eff4bh7,0
I’m sorry. If it was me- go straight to divorce and file. Why prolong the pain and abuse.,[24],efeg032,24
I guess learning French in school helped me for once,[22],eeszrvg,22
"Only joking, love the show and almost any meme involving it gets my upvote. 👍",[ 1 18],edqjkm3,1
Strong and stable...,[27],ee824ej,27
I keep hearing [NAME] is a terrible hire.,[ 9 14],ee5mf79,9
"[NAME], but they all seem to be genuinely happy with their lives and supporting each other, so I’m happy for them too",[17],eehsrhh,17
So how depressing is it that I know that's not true? You still gotta pay for a cold delivery.,[9],ed8ex6k,9
Why should I get flayed? He's the one who sucks!,[2],ed6og2a,2
Now maybe :),[20 27],edsm5lz,20
Are you saying he put in the wrong oil?,[ 6 27],ef4ivfd,6
"I used to work in Xtravision and I remember watching one called Cherrybomb - the fella from misfits is in it, as is [NAME]",[27],edku00l,27
It wasnt a terrible idea until [NAME] got injured and [NAME] got complacent,[9],eehvvh4,9
Welcome to the hype train. hahhaha,[17],ef76jcg,17
"obviously, its just a stupid question",[ 2 27],edkf3u2,2
Is that max?,[7],eefev2w,7
She tweeted that the most recent episode was very soon after her second surgery and she was still swollen from it,[27],ee60r1b,27
Same thing I thought haha,[1],ef28n0c,1
"Yes, and it's also possible to have sex without involving a dom/sub dynamic.",[27],edabvql,27
This dog is so cute,[0],ee7tsfp,0
Thanks for the reply. They are saying the engine issue is in cold weather. I live in NY. Does it get cold where you live?,[15],ef284g2,15
We have Medicare Medicaid and Obamacare,[27],efdwhl0,27
i was there in october and i was shocked at the amount of people on the interstate just casually browsing facebook while driving.,[26],edkdihp,26
The best mori will always be Nurse's.,[27],eewycmj,27
Keep turning a blind eye to the truth. It unnatural.,[27],edd2ez3,27
[NAME] is ruining the Pittsburgh Steelers culture...don't fucking @ me. Sinking fucking ship,[2 3],ee2lz7x,2
Am I getting old or is that just really dumb?,[6],ed5wsbs,6
cool story bro,[0],ed5yqmc,0
this literally made me sick to my stomach,[25],ee38t1y,25
Fake news [NAME] never slips,[27],efc0w6v,27
"You go back to school... Except this time you don't qualify for ANY financial aid, because you already have a degree",[27],eeb063d,27
"I peed off my deck at -30 yesterday, very disappointed when it didn’t freeze before impact.",[9],efda7ub,9
"Thank you. [NAME] killed it, earned his spot. Love my packers but sometimes people in this sub are ridiculous ",[15 18],edb9nwo,15
Oh I see. Thanks for letting me know. I fixed it now. The real link is HERE,[15],ee9udif,15
"Important part of this, surprising it's not there. ",[26],ef9h4sz,26
Surely anyone can submit an application for a writ of habeas corpus?,[4],eeor81i,4
"Haha, just like teaching.",[1],eeq25z4,1
"Sky full of song, June, Patricia and The End of Love all by Florence + The Machine ",[27],ed1z7si,27
I miss [NAME] wish we could trade back for him!,[ 8 16],ee6d8nb,8
"Fam, I fucking love [NAME] play. Gotta be the most exciting dude in the league other than [NAME] when he’s hitting everything from 30ft+",[13 18],ef2ed3k,13
I wanted to slap her when she told him she could have died and it would be his fault.,[2],ee4vkmr,2
I’d rather him act more like green arrow then [NAME] but I get what you mean.,[27],efdfkh2,27
WHY THE FUCK IS BAYLESS ISOING,[2],eezlygj,2
"Money, money, money!",[27],edv98j5,27
I can easily relate to that as well. The siblings are the ones who will stick with us for the whole journey to the very end.,[ 4 18],eeooxcn,4
"Great protest! Not being discouraged by the weather or paternalistic criticism, good on them!",[0],ee9kjkh,0
Just did that. He ignored me and didn't respond.,[9],edyaz60,9
"Meh. If someone wants to find me, they will. Of course, they may not like what they find, or what I can do in return.",[27],ee3kyzm,27
Here’s hoping this ends soon lol,[1],edmucbu,1
I never said it should have been called. I just think it's hilarious that the replay literally shows it.,[1],eeybyor,1
Well one would believe they have learned their lesson regarding nuclear,[ 4 22],efc2ynw,4
Science was wrong in the olden times so we should force people to learn from our old book of the really olden times.,[22 27],ef8fyop,22
Yeah. I do wish you the best. It's not gonna be easy but I do. You're welcome!,[ 5 20],een8yxa,5
"Well, I hope everything is going well in your retirement. Do your best to enjoy it :).",[20],eebx6p2,20
"Well, you stopped coming on CV. Now I am left alone to fend off Agent debaters.",[9],eetpbqh,9
I used to do the same exact thing! Now I love the fat on my steak and watching them cut it off in japanese restaurants makes me sad.,[18 25],eeaiy0n,18
"That’s nice. If you know anything about Nazi history, you know the party made its platform up on the fly. ",[27],ee7j2ej,27
"I do prefer achievements to trophies though, but the platinum is the only thing I envy PS users.",[27],ededfy2,27
You having a bad day man?,[5 7],efha2jj,5
Oh man this gave me some flashbacks to awesome times playing with my dad,[ 0 17],eecny47,0
Lol only a snowflake would call that a harassment campaign,[1],eeodtdi,1
"Chernobyl incident has scared everyone to death about nuclear, I'm curious where we would be if that never occurred.",[ 7 14],ef2f4sm,7
"> Because I was a disgracefully gullible, immensely stupid fucking dipshit ~~was~~ *am* FTFY",[2 9],ef3r7ab,2
His videos are great.,[0],edve9ul,0
"Suffice it to say, I understand why you want to build one, although I disagree with both the solution and how you arrived at the conclusion. ",[10 22],eczi3zs,10
British would annoy me more. Or being called British Isles,[3],edtgb0u,3
Well it was just an educated shot in the dark but glad to help 😊,[17],eeepkgc,17
Thank you for your service.,[15],eew3e5v,15
is there a satire flair for this sub? because this one needs it,[27],edgksoe,27
"How do we do handle the venom, and marvel is all metaphors-avi [NAME] ",[6],efb85mg,6
"Thanks, didn’t know there was a term for it. That’s how I handled the first and last episode I saw lol",[15],ef3w7jb,15
"The foul, smelly dump I just took > fallout 76",[11],edhuuot,11
"A stunning place, you will need lots of cuddles to stay warm though!",[0],eeca8q5,0
As funny as a sinking school bus.,[1],edv27hu,1
I'm not sure how to post a picture lol. Here's my attempt.,[1],ed9hm9b,1
That's what we're doing. It's just on my weeks I'd have to drop them off to her to take to daycare.,[27],edw3uza,27
BREAKING NEWS: The new girl had to shred/chip a 6lb entire chub of Kentucky Gold ham today. Poor girl's arm ached the rest of the day.,[25],ed78h91,25
Which makes no sense. [NAME] associate cheap prices with shit products (reason why Walmart was pushed out) but free shit is always just looked at as free shit.,[27],edt4oij,27
But see methods never got screwed over because he basically got traded to a PL team,[27],edbku8u,27
Interesting theory. I like your science. I just like the taste and wear protective clothing in case it falls apart.,[0],eerjoop,0
It kinda is. It's better that special needs kids aren't hidden and their families don't feel that it is necessary or required.,[27],edl2kx7,27
Pretty fucking brutal when your starting front court is 0-10 from the field. Whatever. I figured we would split this back to back anyway. Good game for our big 3.,[0],eeqr1ex,0
"""Help! It's an educated brown woman! Help meeeeee!""",[25],ees7vpo,25
There's also a massive pile of newspapers in his front yard!,[27],ee00mqa,27
Seriously!? Wouldn't a guy do the same thing if a girl didn't even attempt to get him off?,[ 7 27],eecrhn4,7
"finally, a game to watch",[27],ef6z0k2,27
You didnt even ask the parents if they agreed to let him in the back?,[27],eezv0eq,27
Fucking Instagram normies,[2],edrvwm9,2
Fuck these calls,[2],eeerkcs,2
"I wouldn't be surprised. Where I live leavers quite often tend to refer to leaving the EU as ""leaving brexit"" ",[27],eemk6ha,27
Praise the [NAME],[0],efh2nfo,0
now this is epic,[27],eebw68z,27
wow great news . happy for him,[13],efdm00c,13
M/21/straight/6’2 Back on tinder after taking a year off dating to focus on personal stuff. Go ahead and judge! Thank you in,[15],eerizdr,15
My problem is I like to get high,[27],edmq2du,27
ho boy are you in for a surprise,[26],eeu6grr,26
I miss when prequel memes was ironic,[9],ef7nkwn,9
"[NAME], I've told you already. ""Muy gorda chica"" does not mean ""very pretty girl"" ",[10],edxn9h8,10
"congrats on trying to correct american english with british english, two separate things",[15],efeaqpc,15
"Glad we aren't all like you , the world would have sucked",[ 3 23],ee3nxfi,3
"Or, you know, imagine just poking some fun at the endless title speculation threads.",[27],eedqu76,27
Guns go off accidentally all the time. Don’t point them at someone unless you plan to kill them.,[5],edhhmlu,5
But he is just anti Israel and definitely doesn’t hate [NAME]. /s,[27],edlumks,27
But he did not go in front of [NAME]. He simply slid in front of the gun,[27],eesrp1v,27
[NAME] is a traitor to this country.,[2],ee6emyi,2
Me too. Sweet!,[4],ee8im0g,4
Thank you xo,[15],eee5530,15
Paula Weed is the best troll ever.,[0],ed4db96,0
"Yes, sorry reddit told me 2 times a error occured while posting this :/ Looks like it got submitted fine tho :/",[24],ef4j2qm,24
I think it should be a felony. Kind of crazy that illegally entering a country is such a minimal offense.,[2 3],edqqntv,2
Every time one of our players enter top form they get injured.,[25],eeg2ht9,25
Well who knows what valve thinks. I don’t like Lyrical and Maut either.,[10],ed87r4d,10
I do this. Every. Single. Time.,[4],ed79r8y,4
"I love [NAME], but we have better characters to trade for him. Leave [NAME] alone. ",[18],eelwgq2,18
No wonder I can not use my Visa card in China. [NAME] is doing the right things. China must stop its unfair business practices.,[4],ee28ent,4
"That makes sense, thanks",[15],edji2vk,15
"[NAME] is creepy about nearly everything, but the way she is so possessive over [NAME] is super uncomfortable. ",[27],eeqmsp7,27
Dude nsfw this damn,[2],eedj75i,2
His friend was sexy as hell 💁,[0],ee4t9ey,0
"<3 It was hilarious, sorry I doubted you!",[1],eesloob,1
what in the actual fuck. why are they still driving?!?!??!!?! Love the kindness of the young dudes tho,[0],efdsukh,0
Then fling baseless insults at me. Youre doing great.,[0],eeb2s4s,0
"Wow, hearing him swear, thats gonna be something ",[26],ee5k84a,26
That is fantastic.,[0],edcubky,0
"Idk what dumbass downvoted you, somatotypes are bullshit lol",[3],ee3urb3,3
Is this news? I don't feel like this is news.,[27],edwciq5,27
She must have a very boring life,[25],efald82,25
I like how u/FThumb is pissed that this got linked like the bros don’t ever brigade other subs,[27],eevnxo5,27
r/UpLiftingNews Edit: I just got banned for posting this there.,[ 9 25],edl5t2o,9
Lmao r/starwarsleaks and r/starwarsspeculation in a nutshell,[27],ef0q8ob,27
"52k upvotes in 2 hours. That's Reddit for you! Congrats, guy!",[15 17],ed3ymb1,15
Racial attacks went up after [NAME] was elected.,[4],eev9e1h,4
nah. YOU will get it when you're about 20 years older.,[10],ed8q7ii,10
Why do you use your valuable time to hate? We only got time to love each other and ourselves.,[18],ees8v7k,18
"Thank you UsurperRebellion, very cool!",[15],ee2u90m,15
that sounds absolutely adorable!! im glad you had those kittens there as a distraction :),[ 0 17],edcvppe,0
"I have, Just i cant talk with them now, ill try to as fast as possible, thank you for your advice! ",[15],eefnnsv,15
Sounds like you didn't catch his disease properly then,[27],ef8fva2,27
"“If something doesn’t affect me, it’s not important”",[27],eek0ewx,27
Stop saying that ? Makes my tummy upset 🤢🤮,[2],edf7x51,2
"No? This is literally saying that a wall would be useless, unless you also wanna build 40-50 feet beneath the ground.",[10],eey8arw,10
"Ah, maybe the YouTube sound or phone sound. I don't know if it can tell when I turn off my desktop speakers",[6],ef8aglg,6
I do crazy’ I love to clean man. Just have fun. Or at least try.,[ 1 18],edxsw15,1
r/redditminusmods its the first post there.,[27],eekmi2e,27
"That’s about what ours is, but our rush hour traffic is horrible.",[3],ee0tjz5,3
I’m fatter than I’ve ever been before! 2019 baby!,[27],ed4o97s,27
wow thanks for the explanation. it's been like 3 hours and still looks like this,[15 22],efdyakc,15
I’m super proud of him. Great guy!,[ 0 21],edbuq2b,0
"MOTHERFUCKING FLYING MONKEYS, AHHHHHHHHGHGHHH!!!!!!!!!!!!",[2],efbpggi,2
Gee I wish.,[8],ee5euh9,8
Explain how British farmers taking common aborigine land in Australia to be used as private property 'isn't rooted in colonialism'.,[7],eefe6e1,7
This is true — it only really is annoying for 69ing I guess. Too much going on ahahaha,[1 3],ed39u7f,1
I just can't get behind genocide. I hope you heal.,[20],eenvgkg,20
I mean he's still not wrong. A traitor did bring out the worst in him then.,[4],ef0zqce,4
"correct me if i’m wrong but when [NAME] eliminates [NAME], she technically has a better track record than [NAME]?? i’ll fucking cry",[25],edw2y8c,25
i still remember by my first dodger game in 2001,[27],eebvvim,27
Close game but glad to see we came back in the end,[17],ed9yhzx,17
"Good for you, [NAME]! You deserved a nice drink to end a year where you made an impact in peoples lives! Cheers!",[ 0 17],ed0tgl6,0
That comparison system could backfire when hogs see their 83rd percentile healing and go “what the fuck were our healers doing I have 83rd percentile healing”,[27],edd9m77,27
Cut contact... End the friendship.... Get on tinder and find a new woman to date....,[27],eenbhdy,27
"When the gov shut down under [NAME] many were calling for his resignation. This is similar, but people already hate [NAME] so obviously people are more angry.",[2],ed9rfvi,2
Wow!! very funny,[1],eeuobn9,1
It is liver toxic but this was given in a hospital. Liver toxicity usually results from taking too much to often.,[27],eedt1o7,27
Outside of Reddit the Democrat base has definitely not gotten more progressive.,[ 4 27],edsx5yc,4
Does your son do Scratch? My daughter doesn't do fortnite but Scratch is her favourite internet thing and she would love to add new scratch friends.,[ 7 18],eesbg12,7
I have the same issue with a new co-worker and it drives me insane.,[3],eew4ljm,3
It fucking better have draft assets,[4],efgywd3,4
Maybe you should get your cataracts removed to avoid walking into tree branches.,[5],eek96v8,5
"Third date info, I reckon. Needs to be mentioned early on, but not everyone needs to know",[27],eemg2xk,27
This has been reposted so many times the photo is degrading.,[3 9],ef2zcaa,3
Both me and my bf pee in the shower together hahahaha,[1],eds0eux,1
I would of taken a shit in the woods real quick,[11],eegu2k6,11
The entire thread makes me wish I WAS gay so that people won't pester me about having kids when I'm older,[27],edyil7f,27
[NAME] and [NAME] at a brothel together > [NAME] and [NAME] at the Laver Cup,[27],ee1etwd,27
Same to me. But she has a handicapped placard but drives [NAME] and herself. WHY?,[6 7],ee97fpm,6
What's a stream pack? Something river related I'm sure.,[7],eeud0eo,7
Still wish [NAME] hadn't sent him away the way he did.,[27],edgc533,27
"This is not surprising at all. She's a fake trendy ""feminist"" with no perspective whatsoever.",[10],ee7w04m,10
That's just... Wow. I would've called CPS on her.,[0],eeqrjr3,0
"That’s a really cool GMC van there, love seeing really old, unusual vehicles like that around town.",[0],eepp6hl,0
I'm excited as a Lions fan.,[13],ee90sza,13
"Thanks, and play ball!",[15],edb9itc,15
Seriously I hope she drops dead from a heart attack.,[27],edtnb6l,27
"If you’re you and comfortable, you go, girl. ",[4],edfwrbv,4
"As you hint at, I think it's more jealousy than prudishness.",[27],edt51jc,27
I SWEAR I DIDNT MEAN TO ANSWER 2 HOURS LATER FORGIVE MEEE,[24],ed0rurz,24
"ATM has scored only 27 goals in 19 games and have 38 points from it, frankly really outrageous. They keep shithousing a win.",[3],edyzodx,3
This is why business and family should never mix.,[27],eelzf7h,27
[NAME] looks so fed up with this game. He's going to scream at the whole team after the game.,[27],efevkx0,27
"Nice of you to jump in for no reason, very cool.",[0],ee58gf0,0
Stop trying and just do it. Then decide if it’s worth the effort. Otherwise this is just envy.,[4],eczg0o2,4
"You're still going after this man, you posted from your alt account, give it up and take the L. It's not emasculating at all.",[10],eezoc14,10
Moms overreact. Is funking your junk really that bad?,[7],ed7f11g,7
I had a similar fear last month after exceeding the two hours in a Homebase car park.,[14],edqb2x4,14
"There's three ways to do things. The right way, the wrong way, and the Max Power way. ",[27],eedgulx,27
[RELIGION] iconography is absolutely filled with insanely shredded men.,[27],eeyfz5b,27
You’re a wonderful person. I wish I could afford to do the same ❤️,[0],ee49hpk,0
Beautiful shot!,[0],eedot6d,0
"Good thing you didn't call your niece obtuse, that could have been bad",[27],efarxnm,27
"Saw that on Scrubs, love that show.",[18],edcrbbw,18
"Gifts are bugged. Your friend didn't get the chest, but somebody else did.",[27],edxv6go,27
[NAME] will be [NAME],[27],eel6wky,27
"Disgusting, but fascinating.",[11],eeqqett,11
Fake smile always gives dopamine/happiness to deal with stress,[27],ee7md2h,27
If they take on Crabbe it could be alright. We should try to get [NAME] and [NAME] from Chicago while dumping Crabbe.,[27],ef43drb,27
What a shame... she was passing really well too...,[24],edrrqxr,24
Hope you feel the same way when his rookie deal is up,[20],eethr41,20
I like this a lot,[18],edrpky4,18
"She did NOT try hard, that's the problem.",[27],eecfs4t,27
"You don't need to escape to have fun, if you want to win just get some friends to play with.",[17],eey7373,17
"Oh shit, yeah that's definitely shady.",[3],ee5n26j,3
Thanks. Those are great suggestions.,[ 0 15],edrp9mq,0
I'm on it!,[27],eey3i5d,27
I've seen Shot Caller. That's what I've decided prison is... so yeah. Sorry boys.,[24],eecwrb5,24
except for call your mother. The undisputed best bagels in dc.,[27],ee5fldn,27
Baby I’m Yours--Breakbot,[27],edctt7f,27
I'm not sure I would be happy to live in hk for 5 years lmbo,[ 6 20],ee4iv75,6
This team is fucking embarrassing.,[ 2  3 12],edffuj3,2
Every team in the league is gonna call New Orleans...cause it’s [NAME].,[27],ef6brfj,27
"I worry about throwing draft picks around, but a guy like that is worth it IMO.",[25],ee07c4c,25
"Went from 0 to 60 real fast, there, duder.",[27],efgsn15,27
That's the spirit 🤣 for me it's more about strangers wanting to hug me. But you do you 😎,[4],edcallh,4
Scenes like these are what make me wish I could forget the entire show at will. So I can watch and enjoy them all over again.,[0 8],ee7ilx7,0
Just what I needed to hear today! Thanks!,[15],ed5qrbs,15
I meant one sided comment. My bad,[3 9],eeafu97,3
"so did [NAME], she really held back",[27],ed0ubc5,27
Wool will stay warm even if it gets wet.,[ 5 27],ed1xpa7,5
"Tortilla chips are the worst oml. One time a piece got lodged between my gum and my tooth. Like, that fella was /deeply/ embedded in my gum",[9],eeje8cf,9
Its amazing how hive mind works...,[0],ed2chjj,0
"Yep, they still have the youth sweatshirts as of a couple days ago. Wish they had adult sizes!",[20],eef0sgg,20
"well, i've never had an outbreak or a cold sore. i have had chickenpox, though, but they have yet to reappear",[27],ef6kx7r,27
I can understand political acrimony but the death of humor is really disappointing. Very sad indeed.,[ 9 25],ee90qo7,9
"Oh wow, I feel bad for the parents, they had no idea",[25],ef4e3zp,25
So you think I can not find it anywhere? I love that sweatshirt yes you help me! thank you!,[15 18],eeqecqj,15
Would rather not waste 2 more years of Odell and Saquon's prime tanking for a QB 2 years from now. He will enjoy Tampa,[4],edkap3h,4
80%? You watch too much YouTube.,[27],ef8drz1,27
I LOVE google voice! IT's the only way I can get my parents to reply to anything!,[ 4 18],ed4jdkg,4
He's great in Silicon Valley too!,[0],eehhrjj,0
I'm fucking starving here.,[2],eeewpou,2
"As a vegan, I can't tell you how happy I am to find any restaurant with vegan options! That man should be showering you with gratitude.",[13 17],edc1215,13
"Happened this afternoon, January 21, 2019 in the Central South-East area. So frustrating! ",[3],eenkwap,3
How many of you just tried to take their shirt off like this... Be honest.,[27],eetd9hf,27
I can read the anger in this post.,[27],ed9xpvd,27
It's pretty convenient,[4],eeb9r4i,4
Cuteness!!!!!,[0],eczxsz0,0
Did you buy a new saddle as well. Also need to go to settings and set as default or make it active.,[5 7],eejbkc3,5
Customer probably lied to you. It happens,[27],edfdzi0,27
Heaven know why she would WANT to spend more time with him *see self out for catty-ness*,[27],eeqzdn5,27
He said i am being rude to her,[2 3],ed22875,2
What a greedy person. 8 years jail and hopefully disgraced out of his profession.,[20],eeyztu5,20
"Dude, there is nothing you can do against a team shooting like that, nothing. And out shooting is really good too.",[0],ee62xto,0
Lol thank you so much for pointing that out. It’s the “re” on the “tard” cake.,[ 1 15],ed5ineh,1
I have a long term plan. I appreciate the concern.,[0],ee4h4cu,0
"YES PLEASE... I thought they did a while back but maybe not. Either way, they should! Very annoying.",[3],ee683gk,3
Always on the back of my mind when that's the last thing I want.,[3],ee424on,3
Is River Rock not just filtered tap water?,[27],eeatts5,27
This is sort of wholesome in a weird way,[27],eduwjsu,27
Reclining seats typically reduces the legroom of the person who reclines. That's the way those seats are designed.,[27],edc4zh4,27
There is something legitimately wrong with you,[ 9 10],edlbdvp,9
Spam this dude with happy birthdays,[27],ef5190j,27
Different doctors have different opinions on who should and shouldn’t be vaccinated.,[10 27],efgzbih,10
"Whoa, we need animal safe verbiage! Don't feed a fed horse.",[27],eel2khh,27
"Cringe and try hard, elaborate please.",[27],ee5v9kb,27
It is much more fun in story mode,[27],eeay63w,27
"doh, i think i lost mine. ",[27],ed79clt,27
Also [NAME] raised money because so many of his subscribers are dumb enough to confuse an Indian company with the country of India.,[3],eeo5a1m,3
Pretty wild.,[27],edft5w5,27
"She might just be insecure. You do have a bit of an age difference, so she might feel like she doesn’t match up to you.",[9],eeenzor,9
"Fiction isn't an opinion, it's a story",[27],ed6tcuf,27
Its soooo cringy that I had to watch it again,[12],edo683i,12
[NAME] I wish that was me,[8],ee01vnr,8
Exactly. Some ammo is already cheaper than that.,[3 4],eerdg34,3
Go watch a show,[27],eddbm0n,27
"Thank you for sharing your perspective, and talent.",[15],efc65zj,15
Can i give reddit gold to your sister... Or at least a gold star Also how was the show,[7],eesqwn6,7
FINKLE IS EINHORN EINHORN IS FINKLE!!!,[27],ef11uyr,27
The *only* car channel. FTFY!,[27],edrswpb,27
The last statement just seemed like a bit of a jibe.,[27],eel0m5q,27
This is a wholesome confession lol,[1],edyltyu,1
"It was 3 grams in total, my buddies and I rolled with our own stuff",[27],ed15t1n,27
[NAME] didn't have the n-word pass,[27],eeratt3,27
"I don't even care about the draft, I've tasted playoff hopes and I'm not going back.",[4],eef1ewc,4
"ah, ok! i'm afraid i do, i just didn't realise that's what it meant (so old i am going stupid....)",[14],ef6dy24,14
Wow and shes fine to screwed people up ?@ wow are you sure from this story though?! How did people add thos storey up ?!,[6],eewh5dh,6
"I can't stop staring at ""[NAME]"". ",[0],eezbkyh,0
yeah you got wooshed way too hard,[27],eejhdxu,27
...they needed upvotes. That’s what makes it underrated.,[27],eelfgzx,27
"Oh wow, that was a serendipitous ending! The weed saved her life. ",[26],ed0u4my,26
Bomb on your chest Do not try this at home,[10],eemp2jr,10
I am more of a dumbass for building a $2500 308 AR-10 for my first rifle... regret it but just not willing to sell it till this day,[24],ees2qze,24
[NAME] is as intellectually dishonest and stupid as people like [NAME] and [NAME] of Akhad. He’s just a chameleon who’s clueless.,[27],efglfxb,27
Alright... What does that have to do with the question?,[27],edgn86y,27
NOT EVEN CLOSE!,[27],eea3hb7,27
"just did, feel free to repost from r/uplifting news",[27],eezdibv,27
You can only fit so much in 20ish min show.,[4],eeggdbp,4
How would you get off? HOW WOULD YOU GET OFF?!?!,[7],ed9dezg,7
Nothing will ever top In the Mouth of Madness (which isn't an actual adaptation but come on).,[27],eet9ln9,27
"I was able to catch the first half and his D looked great (thats what she said?), did it decline in the second?",[0 6],eda7q2o,0
You two seem nice.,[0],edv4tui,0
Also thank you for the link.,[15],eda8yr3,15
It's great with Brave,[0],eevi5r7,0
Stunning considering you have the exact same opinion.,[26],eee94se,26
Six shots on goal for [NAME] and still nothing. This breaks my heart.,[9],ed25hog,9
OH MY GOOSE! You got my super obscure reference! I literally squealed out loud when I read this comment.,[26],efh7c99,26
"I can see how you feel , THIS DID NOT TEACH A CHILD TO RESPECT ANIMALS and im ashamed and upset honeslty no horse deserved that.",[2],efgns5c,2
"This looks delicious, I wish I had all ingredients on hand, because I would make this tomorrow.",[8],edskrua,8
"I wish you luck anyway lmao, and don't think so down of yourself, i believe you'll do great ",[20],eev9ogc,20
"I don’t think you can be compelled to testify against someone else over a traffic violation, I would just feign ignorance",[27],edz6yen,27
EB GAMES STILL EXIST there?,[7],efed5qa,7
thanks man.,[15],eczk51t,15
"If [NAME] comes out of his cave and sees his shadow, does that mean 4 more years of [NAME]?",[27],eecfiu6,27
What if... >Valve removes date to stop the impression they were giving an ETA,[7],ee9xmgw,7
Probably the thief trashed the place,[27],ednxhqm,27
RemindMe! 12hours,[27],efcpvqb,27
Uh no. He hates [NAME]. Not in A kayfabe way. He doesn't like [NAME] at all.,[10],ee46hwm,10
"What the actual fuck, does seeing something terrible prevent you from enjoying the entire rest of your life?",[6],ee79l8w,6
I need help with corsets but otherwise would be mortified to need help for every day clothes.,[8],eedjzv6,8
"Congratulations, there are success stories in this group. Forge on with your life but watch out for other (jerkfaces). ",[ 0 15],edilpm2,0
That is a great video,[0],ee4azf9,0
Stay At Home Mum,[27],ee9qaux,27
"ok, so there are no checks client side, thanks for the information and all the best luck on the project!",[ 4 15 20],ee4ti5r,4
That sounds fun. I think I can make it. I have tickets already. I’m excited to see [NAME] play as well.,[13],efc152j,13
"Man, thats ruthless. Lesson learned. Trust me, there will be a time when they actually need money and I really hope you say no. ",[20],ed4ef06,20
I wish I loved anything the way [NAME] loves playing hockey,[ 8 18],edcqdln,8
Bagsy not in 1st!,[27],edw2zrr,27
"I'm torn. I watched it twice, but only twice. Also, I didn't check the sub until I saw the comments. ",[27],eewoygv,27
What a thot*,[0],edfwa30,0
He might assume that most people are shoplifters like him and that you're a nuisance to society that he's exposing.,[27],ef0m1nw,27
NOW she needs that scotch tape,[27],edmdh8g,27
Think FARC and Columbia if you're looking for something to compare the Afghan talks to. That's the best that useless war can hope to achieve.,[ 0 20],efenp2p,0
She does have a great ass I’ve always thought so,[0],edusy6a,0
I'm fairly sure alpro have what you're looking for,[4],edxsyca,4
Judging by this comment I’m sure women find you to be a real treat.,[27],eduhvok,27
Good for that security guard! That's lovely to hear.,[18],eedit64,18
To be fair he did apologize for that one after he learned what Pride was really about but I still wouldn’t recommend going near his Twitter anymore,[10],ee86lud,10
Ugh her mind!,[27],edb8dsl,27
"[NAME] was our second best hitter, [NAME] was the best",[0 4],edrd2y2,0
Really curious how families handled this in the old days before the modern health care system.,[7],edvohv5,7
[NAME] man...try passing it to the place where you don’t think he’ll be,[27],ed0mnay,27
"I’m gay, so let’s hope this works! I look better clean shaven lmao. Thanks! ",[20],edy2ho4,20
Wow! Good for her! I’m so glad she was able to see through the bullshit!,[0],eebkva4,0
Getting dropped by [NAME] did a number on him🤣,[27],edyhr0i,27
"Extol is the band that introduced me to progressive metal in the first place, still my favorite genre.",[4],eff6wrw,4
88 but top 2 in the division since it’ll be competitive,[27],eehf73d,27
If Ww3 breaks out in northern Asia as people expect. It will make things worse for you guys in the states - not better,[11],ed7fena,11
I’ve heard them say they are less likely to get a job.,[27],eeefu8i,27
"She probably just said it because it rhymes, sorry Op",[24],eeo35oc,24
I really hope web design follows in fashion’s footsteps and starts emulating 90’s-00’s webpages. Such a nostalgic feeling seeing that site.,[20],edlm1yy,20
> Just don't fake it or abuse it and you'll have no problem with it. clearly you have more faith in people than reality should suggest...,[27],ed3cvua,27
"I always loved Sunday’s because it was Extreme Homemaker, Desperate Housewives, and then Grey’s Anatomy. ",[18],edqseru,18
Hi I'm an order of magnitude more awkward than you and I'm coming.,[12],ed7mx3v,12
What’s wrong with [NAME] lmao,[1],ee0yfal,1
"It's crazy that I just saw like seven clashing patterns and immidiately thought ""oh yes, eastern Europe"". Why is that?",[7],edvj4r4,7
You really really summed that up. Perfectly actually.,[4],edy05qc,4
"I'm tall but no one is attracted to me, because I'm ugly, I have a big nose and ears.",[12],efg6uzp,12
Should have just looked at them in disbelief and said what you don't make the police that have to work Christmas day a nice lunch. Lol,[1],eef9819,1
This is as cool as it was burgers and fries and started the Omnibus to collect the first few pages were just so much to unpack there...,[0],ef2rlzm,0
Great for when you'd really like all your clothes to smell like hard-boiled eggs.,[27],eeweell,27
"Oh man, I didn't know that. No wonder he has no care for it. Does he have any post secondary education?",[7],eebgjvn,7
I drool over Elijah woods,[27],edihr0p,27
If they could get a psychologist/therapist maybe they would have a better life.,[20 27],edmhe3l,20
"For sure. I am infatuated with sharks, and much of that obsession comes from absolute fear haha. ",[1],edofzmm,1
"Fish and chips were amazing. Probably the best I've ever had, and as a fush and chups connoisseur I don't say that lightly.",[0],edqlbk3,0
"Thanks bud, hope it’s a great one!",[15 20],eczszmw,15
Omfg the worst!! want to pull my hair out!!,[11],eeif01x,11
OMG the bra hanging out of the back of that dress is so cringe.,[12 14],ed9u3rc,12
"I've been at work all night, Im just tired af",[27],eefxr1j,27
Don't stop cold turkey. It's dangerous and you can have deadly seizures. Taper down if you are going to quit any benzo.,[5],edr0m97,5
"Honestly why even make it about her, I was fascinated by his dedication! ",[0],efbivpi,0
"Good thing he throws like a 6 year old girl, otherwise this could've been serious. ",[23],ef4lh8i,23
Wow I can't wait to use okcupid to get myself a nerd/loser girlfriend who'll eventually become fat,[10],eewldfz,10
Obligatory fuck the dodgers,[2],eelry07,2
Good luck buddy!,[15],eezxe5h,15
that was a horrible call,[11],ed4fw7r,11
this is cute,[0],edpyjip,0
"I know, that's why I said one of the reasons. The main reason is his uselessness when your team is bad",[11],ed4v1fn,11
I'm pretty relaxed thanks for the concern though,[15],ee3iou4,15
I'll try. Thank you,[15],edu70fj,15
See but it’s so common an attitude that it didn’t come off that way,[3],ed5ptg5,3
Funny how it do,[17],ee1t7hd,17
"Thanks for that, I just turned 35 and considering nursing and starting over too",[15],ef4qjh9,15
Do your own research. It’s not my job to educate you.,[3],efgm4lz,3
"Hmm, I'm 99% sure he says there's a call for her. Could be wrong ",[27],eelsrxg,27
TV shows. And occasionally movies. I stopped Interstellar at that stupid love speech. Never finished it.,[2],ee0zwst,2
Haven't you seen any horror movie!? Those cats are saving you from certain doom,[27],ef3z0y6,27
> I hate how much I care. My feelings exactly.,[3],ed3am37,3
It's this kind of fear that made me make this,[14 22],efe8qbj,14
Missed opportunity to put [NAME],[24],ee95h38,24
Nah I didn’t get scammed but my money is sitting in the Dream Market escrow doohickey. Whatever that means! Haha!,[10],eeobf49,10
You said the words I couldn’t find in my head. That’s what I was trying to say the whole time! Thank you.,[15],ed37chq,15
Says one of the two people who keeps on responding to each comment with a very poorly argued position lacking both in research and in common sense.,[3],eeky5o9,3
You could say he's a genocide denial denier now.,[27],eepe4bi,27
calling her a sellout for having a job is hilarious.,[1],eex514t,1
You are a sad person,[27],ed0lcru,27
> Do you think Amazon reviews are don't mean anything? Yes because they are very easy to game.,[4],efgjfk1,4
I might be in trouble in this case. I have 7 years going on 8 :(,[14],edbjbw0,14
That's funny because I used to hate him but researching more just made me like him more,[ 1 18],ee0ozhb,1
I have completely lost my voice this period. This has been an insane 11 minutes of play,[27],eda0fhi,27
> a nearly-neutered government Starving the beast rather than killing it.,[27],ee6b6h5,27
You've added nothing to this conversation and just repeated what everybody else. Thanks for wasting my time.,[3],ef8159d,3
Geez those heroes..,[ 3 26],ee2jdvt,3
Do it!,[27],eeaxtts,27
"I disagree. Every starting receiver [NAME], [NAME], and [NAME] will have over 1k yards on the season while [NAME] cracks 2k. ",[10],efbgm9l,10
Neither of them have the IQ for true narcissism!! Stop insulting the intelligence of narcissists [NAME]!,[27],ef0r4yu,27
Very sorry for your loss.,[16],eedoc1z,16
Thanks! Itll take some getting used to for sure but I'm excited to move on.,[13 15],eejc7mx,13
"I understand that there are exceptions but saying a knife is as dangerous as, or more dangerous than a gun is a little ridiculous.",[3],eey34an,3
So you’re telling me you think [NAME] is better than [NAME] whatever you say man,[1 7],edv613k,1
This must have been totally horrifying for you. I'm glad to hear you found peace in the second birth.,[14 17 19],edcnihe,14
"Just out of interest, what mm rank are you?",[7],ed2neto,7
"If reincarnation is real, I hope next time I have a name that's half as awesome as [NAME].",[ 0 20],ee6fvk3,0
Need to go middle of the road no [NAME] is going to vote for [NAME].,[9],ef80rtx,9
Tbh as a [NAME] this sort of news make me happy.,[17],edpdso7,17
Weeb is confused! Weeb hurt itself in its confusion,[ 6 27],ed3csso,6
That would be hilariously vicariously through the subterranean passages to the bottom of this post.,[1],eeuoury,1
Okay that was funny lol,[17],ee0v0ma,17
I feel like environmentalism has lost steam over the past ten to twenty years as the call to action has gotten too large in scope and abstract.,[22],ef6ln2q,22
"My 4 month old just got her second round of shots, so yeah, we feel you. Hope you're able to get a good rest!!",[20],ed4ic4u,20
Pm me the discord info,[27],edhzi71,27
"Also, this clip seems to be as deceptively-edited as the one [NAME] put forward at the beginning of this entire mess.",[27],eesm1o6,27
"Ew her text is touching her photo, what a slut",[11],ee1zog7,11
I AM THE GOLDEN GOD,[ 0 21],efftdad,0
THANK YOU SOMEONE SAID IT!!,[15],eedexhh,15
"You are not stupid, just overthinking, it will get lost in countless other posts and in the future it won't matter, good luck.",[15 20],eesg34c,15
The only time petty revenge backfired lol at least from what I understood unless I missed something,[ 1 22],eez14c2,1
The SJW community. I hate it too cause they are the ancestors of the Civil Rights Movement who where absolutely awesome,[11],edmxf7k,11
The one fucking thing my home town has contributed besides alcoholics and [NAME] and its a fucking backwards feminist horseshit theory.,[3],edoudxd,3
"Yes, the Raptors need to stop committing dumb fouls.",[3],ed71ia9,3
"if you have a problem with it, don't take your kid to see the story time show. PROBLEM SOLVED!",[27],edb3sg7,27
"Man, she must really hate infertile women. ",[2],edrw5oj,2
Sounds like you might need some time out in the re-education camp. You are getting frighteningly close to realizing that our system is designed to keep you imprisoned.,[4],ed6640c,4
"seems odd, when you guys consume much more pizza, I would say overall than us",[12],eeomrth,12
"LOL at one of [NAME] favorite activities being ""observing people""...including [NAME]! ",[1],ee2ft4z,1
"""oh.... alright"" [NAME]",[1],eezfe7j,1
I’m scared to fall asleep——-,[14],ee3uwxj,14
The map is not the territory. This is all I kept thinking.,[27],ee2cjkr,27
How to pretend to be the woman who had her face ripped off by Travis the chimp,[6],eewnri9,6
"Oh wow, that's interesting! Genesis is a pretty interesting take on the luxury car market, hope the brand succeeds!",[20 26],edc9qv6,20
"Emotes have a ridiculous amount of effort put into them, which only makes the fact that nobody uses them sadder",[27],eczb6r7,27
haha good one friend real neato joke!!!!,[1],edq0z5k,1
"Idk why everyone's being obnoxious. I thought this was a good post, OP.",[0 6],ef5dnds,0
I think they’re gonna keep her a surprise.,[26],eeul2oi,26
"She has to thank him for his time first, and no throwing! You must be gentle and fold him nicely as you discard him.",[27],ee5sho8,27
i love it,[18],eede5hs,18
I think she means he was her boyfriend for 5 months,[27],edsgv3b,27
"Wow, didn't expect this thread to get philosophical.",[26],ees1ybo,26
That's forward heavy punch right? Sorry I'm pretty new to SF,[7],eepxtda,7
This is why I have no sympathy for parents who can't make time for their kids because of their jobs.,[3],eezijw8,3
Sexual frustration.,[2],eeslyec,2
so cute. your art style is adorable. imagine if you made a mini-comic drawing!,[0],ed2gmg3,0
Almost like we're playing scrubs and trying to save gas for a huge game at home tomorrow,[27],edy378x,27
"I mean, if I make it look like an accident, just think of all the ribs I can buy with the insurance money... ",[ 4 20],ed1djsl,4
Yes definitely do,[27],ef6ipc2,27
Do you think each worker looks after only one child?,[7],edtcnab,7
Are there any Veracruz fans in the sub?,[7],eezj9sq,7
"Come on [NAME], time to step up",[27],edc1xaw,27
"More like you need ennemy jungle too dumber/weaker than u. But at equal skills, when player know how to play, its a troll pick.",[27],eew3ktn,27
What does that even mean?,[6],edh18n9,6
"2000 kid, know cursive but really badly. I have old notebooks that are barely legible because of my cursive lol",[ 1 11],edd9x85,1
Here's a way to help. Have sex with a user,[27],eejv0qz,27
Now they can say they tried and that the big evil NRA and the GOP foiled their plans to make America safer.,[27],eds4k8i,27
"Of all the people in the world, I honestly can't believe that Reddit hates [NAME].",[26],ef6b87x,26
"That's exactly what it was modelled on, MTV show as well. The pun was just begging to made so they did ",[27],ef1lcto,27
[Here you go] (,[27],edd550f,27
"Don't you have a cashier to hassle somewhere? Go find something without a price tag and then tell them ""I guess it's free!""",[7],ee53akz,7
Have you talked to him about it and made it clear he understands where you are coming from?,[7],ee8na7t,7
That sounds terrifying. I hope you and the little one are OK.,[14 20],ef4jfbe,14
"Aha! This is my fear, that the gloss over key elements because they want to target a wider audience!",[14],edummv2,14
Have you actually found the last honest orthodontist out there?,[7],eesvnxd,7
mind = blown,[27],edvbrqj,27
"[NAME], I’ve slaughtered [NAME] today, but the man has balls, I’ll give him that",[27],eeh0tg0,27
For every legit billionaire there’s 2 that scammed their way there,[27],ednqgsa,27
Damned straight.,[ 2 27],ef5dwc6,2
I would be like pay me than or I won’t do anything for you again!,[3],edwto6x,3
love that they're giving Spicy P a chance,[18],eebpcrd,18
"[NAME] blew it by putting [NAME] on the WS roster. He was horrible, and he hadn't pitched in weeks.",[3],ef72m0a,3
Hire the best prostitute you can afford dude,[27],eeuyrbq,27
u have to be 15-17 yo and do fast af 90s and edits. Also you need to grind the edit course 24/7,[27],ed1b8xi,27
Because they’re going to have trouble crossing the *language barrier*.,[27],edwr3tn,27
Sorry! Yes you are right about the exact name. My brain confused it with the similarity titled cat toy :-p,[4 6],ef6isl2,4
That lone pube you forgot to take off in the corner lol,[1],edg24r6,1
Is the wooosh on us cause there’s no fuckin wooosh to begin with or,[2],ed2plsm,2
I guess I'm confused why beliefs are not voluntary. The link talks about conclusions based on that but doesn't seem to address the premise.,[6],eekjw1l,6
"But as a flamboyant bi, [NAME] is my god.",[27],efeu500,27
I'm genuinely curious how Russia's vested interest in South Africa will have any impact on the way that Russian news reports on SA,[7],ee1x7iu,7
Can't wait to move out of the city so I can get a gun. No gun city living sucks,[13],efbntjz,13
That dude is Russian intelligence,[0],eecogm3,0
Just about to say this!,[27],edaxxlc,27
Omg. This is the real gem in this post. Thank you sir,[15],eebqrrk,15
"Alas, Windows, so I'll go a-hunting. Thanks for the info, though!",[15],ef2hbei,15
It’s like they’re in the middle of a pissing contest.,[27],eeo11rh,27
"Let's not try to pretend both were equally bad, [NAME] was magnitudes worse",[10],ee3bbxa,10
"Ha, I'm with you on that one.",[27],ee9sxfa,27
I hope if you ever have need of help for mental illness that the person who responds is not like you.,[20],ed9w3o0,20
Because you deserve to live and be happy,[17],ee1is6k,17
"Without bots, I doubt the opposition numbers a million. It's all paid Brock-bots and Twitter Trolls all the way down.",[27],ed9bs7b,27
Her husband is disgusting. I can’t even look at the cute baby when his face is in the shot.,[11],ee5547e,11
[NAME]? Man that laugh when the captain joked that she can read minds. Kinda embarrassing.,[ 7 12],ef2gbn6,7
I really applaud you for your patience...,[0],edd9h99,0
Now **that** is a spicy meata balle,[27],ef0dk9s,27
Hey he's not the one running [NAME] Twitter account can't blame him for that.,[27],ef6emd3,27
"Ah I see, thanks. I struggle with the order of the sentences in English from time to time, so I'm glad for any help :) ",[15],edtrnhy,15
"This made me laugh, have an upvote good sir ",[0 1],eez881f,0
Low ^hanging ^^fruit,[27],ed3gpnx,27
I asked at the Bodies Reveled show if they used prisoner bodies.. I got an awkward no.,[12],ef5l70k,12
Tbf any ult works well with grav,[27],edowerg,27
"So, I'm wondering if there's something I can use for this project that will help you if it's solid.",[20 26],edjqzab,20
The greatest of all deals.,[0],ef6ipvq,0
The fact that big corporations that made their successes off capitalism are embracing Marxism is really disturbing.,[10 25],eebsv3s,10
Let’s see if it’s a thing r/unexpectedjokers Edit: why am I not surprised also first try,[27],eene6b9,27
No the bubble is love. The bubble is life. With the bubble comes zero expectations and a sweet sixteen appearance. Such is life in South Canada.,[18 27],ee3ew5u,18
Free dog!,[27],ef8o36y,27
Damn these refs actually fucking hate us.,[ 2 11],ee681md,2
Making DC climate an unapologetic brutality with blistering dry winds and no snow on a typical day.,[ 2 27],ee0n9e3,2
"What accent does the man talking in the video have? It sounds Scottish to me, but I'm just guessing.",[7],eeo1vlx,7
Also thank you for the advice.,[15],edjadyt,15
"The people who say ""He/she doesn't owe you an explanation"" have a skewed perception in my opinion and may even be people who enable such behavior. ",[27],efgph4f,27
"Great questions. I don't have the answer, but I'm happy that were starting to discuss it.",[ 0 17],eezpyx9,0
I was at that game!!,[27],ef82l9w,27
All of it,[27],eeore5o,27
How many of each have been killed or injured?,[7],efb5i9d,7
"No, I’m saying that “not getting an abortion” is the default option, and takes less deliberate effort than getting an abortion.",[10],eel6gxz,10
"Let’s see, this house is designated Zone R3, which allows for cats, dogs, telephone answering monkeys...",[27],ee2o76a,27
and then everyone clapped.,[27],eesw249,27
"I was a huge fan of the script ones but the new greens this season look pretty fresh on ice, too. I like bringing the red back in",[0],efbq7oe,0
Ooof. I have a hard time trusting asexuals who declare this information mid elationship.,[3],eeswcjb,3
I *want* to like R&M but people are making it really difficult,[3 9],ed6yi34,3
Stupid science bitch,[2],efam8a6,2
"Imagine if the illegals were rushing over the border to vote Republican..that wall would be finished tomorrow.Dems have no morals,amigo..just lust.",[27],ef8hp4r,27
"Just curious, would it be logged on the system if they were accessed?",[7],ed2d79u,7
"I dunno, I've found some of my holy grail products through bloggers.",[27],efavm55,27
"I work from home and live with my daughters. It's so serene, but also a lot of fun because we have great times together.",[17],eelrpk8,17
"*Bride walks by* B: ""You ruined my wedding [NAME], great to see you!""",[3],ee8z5uk,3
I really like Funhaus,[18],eeawofv,18
I understand. Thank you for the suggestion.,[15 22],eeykmrg,15
That solves it. Thank you!,[15],ed3rl09,15
"Well, could be worse. It could be India.",[27],ed99pmo,27
damn. Thanks!,[15],ee551s4,15
It will only get worse over time. Do what I didn’t. Run.,[27],ed9d4gl,27
I guess but we love each other.,[18],edw1xpl,18
You know the bulks going well when you ate that much last night that breakfast is a struggle,[27],edswtev,27
"see im on here having fun meming on all yall basement dwellers, stay salty ",[17],eequu7t,17
"I actually see this one a lot. ""Allergy: fire ants."" Me too, bro. Ants will fuck you up.",[ 2  3 11],eeyvybj,2
I have the exact same issue and also had my ears checked recently but there is no issue with my hearing,[27],eep7yha,27
That little smile at the end is exactly why she looks fun.,[ 0 27],ed7o8hj,0
Thanks for clarifying; I've never heard this (it's not a pejorative where I live) so it's good to know.,[15],eepx74n,15
That's amazing,[0],ed9ax77,0
She refuses to go to therapy.,[27],edo61x4,27
Just waiting to see which outlets decide to report it first.,[7],ed7v30x,7
Update: I'm braving out because I need food and drink and a shower but I also may freak out panicking.,[27],eet17aq,27
"Flirting isn't attractive per se, but (if done right) it shows social acuity and comfort with one's own sexuality, which are 2 attractive traits",[27],edu0w4x,27
My comment was meant in jest :),[27],edv9pdw,27
He’s better than [NAME].,[0],eefnv33,0
This guy journalists.,[27],eeo6vht,27
This is actually funny,[1],efbo8ku,1
"I messed up by trying the sweetened tea. Maybe tea just isn't my thing? Either way, nice to have the choice be my own. [NAME]",[27],efau77b,27
It says so in the bottom right corner :),[27],ed60vun,27
"I buy VHS, DVD and Blu-ray. I have a huge collection.",[4],ef42k4i,4
"[NAME]: I want to be where the people are... I want to see, want to see 'em dancing... ",[27],ef2953x,27
And there I was blaming the poor black lads,[25],efco2kv,25
"“Am I in the frat now, bruh?”",[6 7],ed8ksh3,6
Water bottle works 100%. Canteen im not sure,[27],efaefgs,27
Now you tell me! I’m heading at high speed towards a one-third-life crisis and need a change.,[3],eenuy6x,3
"INTJ here, I agree with this ^^^ (Him)",[4],ef4mjmk,4
"That was helpful to hear, thanks for your response! ",[15],ednfwlf,15
I think they're getting desperate from all of us cord cutters converting everyone to Hulu.,[27],ef7y1w9,27
Phoenix and Orlando are teams I hear sniffing around [NAME] in free agency. Both make sense.,[4],eem6z1r,4
I love it when they have those realistic conversations where people interrupt eachother and talk over eachother. It makes it more relatable,[0 4],edomgiz,0
I'm glad she made it as easy on you as possible.,[15],edg28pz,15
Sorry I have to ask your age before I yell you.,[24],edz372z,24
Montreal is a beautiful city,[0],eejtcuw,0
“It’s different because I deserve it.” These same assholes in rural areas.,[2],ednsti0,2
Should have just gotten massive foundation donations and laundered the profits that way.,[27],eeddmte,27
I saw at least one user on this forum talking badly about [NAME] for missing playing time.,[10],ee8aeqe,10
"But terrible people is my ""type""",[14],ee1pydm,14
Congratulations! Your kids are very lucky to have a strong and positive parent :),[0],ee93la3,0
Happy cake day !,[17],edemzdb,17
What sort of material would actually swell this much instead of eroding or just breaking? Is his ceiling made of rubber?,[7],edmu4ma,7
Love yourself and be patient.,[27],eellubl,27
I just wanna stick my hand in it and grab handfuls and stir it all around lol,[1],efeq9oz,1
Is there some scripture you could quote me? I'd like to read up on it just to be sure for myself,[4 7],eexli0t,4
Holy shit they’re already in the bonus,[27],edf50hl,27
Yeah he does give intense and memorable performances. He didn't get to speak in Mad Max for like half an hour but he was still riveting.,[0],eelu1ue,0
What a time to be alive.,[4],ed4khh4,4
"Yeah the family loved you, who played porn at a family gathering with no warning. Sure.",[27],eduw6lu,27
Well tell me what happened then,[7],edgpcmk,7
Okay but beware of top experts. You know what you need and what's right.,[5],ee1zxs0,5
[NAME] has no Plan B. She's either dominating the match or praying that her opponent drops her level and playing second fiddle.,[27],eehwnpr,27
I'm so glad you weren't physically hurt,[17],eeccbl3,17
I love being down by 10+ constantly.... I feel like [NAME] gets dominated by literally everyone.,[18],edrtbt9,18
And Tranna for Toronto.,[27],edflbkd,27
Players like this makes me rage quit tbh.,[2 3],ed794co,2
"That's interesting. As an orthodox [NAME], I woulda either kept using the offending term or avoided the name altogether as you suggest.",[7],eexddyv,7
"No it’s not, I can give you multiple examples of cops getting physically assaulted and not even using their guns. Stop lying.",[ 2 10],edmfp4y,2
"Love how there are no ""non-supporters"" commenting here. They have nothing to say. Nothing.",[27],edhplf8,27
I watch it 4-5 times every time it comes up. I think there is something wrong with me...,[ 9 22],edci69m,9
I love the fact that [NAME] kept the nose thing for so long he had a mark for the rest of the episode,[18],edi519z,18
Yeah that's where my eyebrow went up. The liability issues alone would make it a non-starter.,[ 3 27],efe8arw,3
"“[NAME], have we got an offer for you!”",[13],efeokaa,13
This is a family friendly sub; please don't say the McC-word.,[4],eer01cl,4
"RBI? ""Reddit bungles it""? ",[27],edexe3e,27
How else can you boil water in prison,[6],ed1wpiy,6
"That's true, you'd imagine it'd have come up beforehand. ",[4],ed8a3rp,4
So you think ohh should text him now and ask about the date?,[27],ed992u7,27
Oh. I never heard that before.,[22 26 27],ee5pml3,22
Oh now that's receipts.,[27],edwp8ma,27
I hope the guys play 60 minutes tonight! Have a nice day everyone c:,[20],efgde6k,20
What do you think is happening in the post? Read it again and describe your feelings,[27],ef0hbh5,27
we need to deregulate more so we can beat them. america needs to be #1 in something,[4],edkq93l,4
"I'm pretty sure most ""pick up"" artists in Asia pay the girls.",[4],eddyp9k,4
Sorry but $200 wouldn’t help. Good bye beautiful world!! I’m gonna pray to the ether god to help me :),[ 0 24],eenyq19,0
THANKS ^(that was close...),[15],eebsl8n,15
This aged poorly,[25],ef4spux,25
"Same, I'm really struggling to not become feminine because of that.",[27],eex2rlk,27
Me too thanks!,[15],efekrve,15
Mate imagine reacting so poorly to be called out to calling anyone who has been discussing ozil and sven unreasonable.,[9],eebu1t2,9
"In that case, I’m appalled. ",[14],ee8d1if,14
"If you like Thai food, try Firefly.",[4],edqqbth,4
"Can always join the discord and submit a vod, would still work!",[27],ed1pgr8,27
"Im always worrying about the same thing, thats why Im always posting and within hours freaking out and deleting my posts ",[ 2 14 19],ed4hmsq,2
Are you implying this is not CGI?,[7],edrv5yu,7
[NAME] is the prettiest person on This Show,[0],ee3dj19,0
No it's not. It's two people legally allowed to kiss kissing. Whatever stigma you have is yours and not shared by everyone.,[ 3 10],edd2nwc,3
Maybe be nicer and people will hang out with you.,[27],eejearc,27
[NAME] is pretty af,[0],edja20i,0
Right time right place. Just like relationships.,[27],ed4oocv,27
i wish i got free drugs :(,[27],eehccmu,27
Yes every time,[27],eeddfvo,27
"Just ""asking for a friend""...huh? 😂",[7],ee9qmh5,7
"Then later, when you're using alcohol to drown your sorrows, at least the guy in the mirror is a friend that you can drink with.",[27],ee6nfex,27
Of fucking course it is...,[2 3],ed4d4ee,2
This is the most fucking sensible comment I have seen in the this subbredit. Have the exact same opinion.,[4],edbo03k,4
I mean yeah that's really it. Getting him on tape saying racist stuff is the only possibility of a sale.,[4],edw77ec,4
